[2026-08-18 17:27:01 UTC] Logging started.
[2026-08-18 17:27:10 UTC] DNS Server auth config file was saved: /etc/dns/auth.config
[2026-08-18 17:27:21 UTC] DHCP Server successfully saved scope file: /etc/dns/scopes/Default.scope
[2026-08-18 17:27:22 UTC] Web Service config file was saved: /etc/dns/webservice.config
[2026-08-18 17:27:23 UTC] DNS Server config file was saved: /etc/dns/dns.config
[2026-08-18 17:27:24 UTC] DNS Server allowed zone file was saved: /etc/dns/allowed.config
[2026-08-18 17:27:24 UTC] DNS Server blocked zone file was saved: /etc/dns/blocked.config
[2026-08-18 17:27:24 UTC] DNS Server block list config file was saved: /etc/dns/blocklist.config
[2026-08-18 17:27:27 UTC] DNS Server auth config file was saved: /etc/dns/auth.config
[2026-08-18 17:27:36 UTC] [[::]:5380] [HTTP] Web Service failed to bind.
[2026-08-18 17:27:39 UTC] Web Service failed to start.
System.IO.IOException: Failed to bind to address http://[::]:5380: address already in use.
 ---> Microsoft.AspNetCore.Connections.AddressInUseException: Address in use
 ---> System.Net.Sockets.SocketException (98): Address in use
   at System.Net.Sockets.Socket.UpdateStatusAfterSocketErrorAndThrowException(SocketError error, Boolean disconnectOnFailure, String callerName)
   at System.Net.Sockets.Socket.DoBind(EndPoint endPointSnapshot, SocketAddress socketAddress)
   at System.Net.Sockets.Socket.Bind(EndPoint localEP)
   at Microsoft.AspNetCore.Server.Kestrel.Transport.Sockets.SocketTransportOptions.CreateDefaultBoundListenSocket(EndPoint endpoint)
   at Microsoft.AspNetCore.Server.Kestrel.Transport.Sockets.SocketConnectionListener.Bind()
   --- End of inner exception stack trace ---
   at Microsoft.AspNetCore.Server.Kestrel.Transport.Sockets.SocketConnectionListener.Bind()
   at Microsoft.AspNetCore.Server.Kestrel.Transport.Sockets.SocketTransportFactory.BindAsync(EndPoint endpoint, CancellationToken cancellationToken)
   at Microsoft.AspNetCore.Server.Kestrel.Core.Internal.Infrastructure.TransportManager.BindAsync(EndPoint endPoint, ConnectionDelegate connectionDelegate, EndpointConfig endpointConfig, CancellationToken cancellationToken)
   at Microsoft.AspNetCore.Server.Kestrel.Core.KestrelServerImpl.<>c__DisplayClass28_0`1.<<StartAsync>g__OnBind|0>d.MoveNext()
--- End of stack trace from previous location ---
   at Microsoft.AspNetCore.Server.Kestrel.Core.Internal.AddressBinder.BindEndpointAsync(ListenOptions endpoint, AddressBindContext context, CancellationToken cancellationToken)
   --- End of inner exception stack trace ---
   at Microsoft.AspNetCore.Server.Kestrel.Core.Internal.AddressBinder.BindEndpointAsync(ListenOptions endpoint, AddressBindContext context, CancellationToken cancellationToken)
   at Microsoft.AspNetCore.Server.Kestrel.Core.ListenOptions.BindAsync(AddressBindContext context, CancellationToken cancellationToken)
   at Microsoft.AspNetCore.Server.Kestrel.Core.Internal.AddressBinder.EndpointsStrategy.BindAsync(AddressBindContext context, CancellationToken cancellationToken)
   at Microsoft.AspNetCore.Server.Kestrel.Core.KestrelServerImpl.BindAsync(CancellationToken cancellationToken)
   at Microsoft.AspNetCore.Server.Kestrel.Core.KestrelServerImpl.StartAsync[TContext](IHttpApplication`1 application, CancellationToken cancellationToken)
   at Microsoft.AspNetCore.Hosting.GenericWebHostService.StartAsync(CancellationToken cancellationToken)
   at Microsoft.Extensions.Hosting.Internal.Host.<StartAsync>b__14_1(IHostedService service, CancellationToken token)
   at Microsoft.Extensions.Hosting.Internal.Host.ForeachService[T](IEnumerable`1 services, CancellationToken token, Boolean concurrent, Boolean abortOnFirstException, List`1 exceptions, Func`3 operation)
   at Microsoft.Extensions.Hosting.Internal.Host.StartAsync(CancellationToken cancellationToken)
   at DnsServerCore.DnsWebService.StartWebServiceAsync(Boolean httpOnlyMode) in Z:\Technitium\Projects\DnsServer\DnsServerCore\DnsWebService.cs:line 1986
   at DnsServerCore.DnsWebService.StartWebServiceAsync(Boolean httpOnlyMode)
   at DnsServerCore.DnsWebService.TryStartWebServiceAsync(IReadOnlyList`1 oldWebServiceLocalAddresses, Int32 oldWebServiceHttpPort, Int32 oldWebServiceTlsPort) in Z:\Technitium\Projects\DnsServer\DnsServerCore\DnsWebService.cs:line 1675
[2026-08-18 17:27:39 UTC] Attempting to revert Web Service end point changes ...
[2026-08-18 17:27:45 UTC] [[::]:5380] [HTTP] Web Service failed to bind.
[2026-08-18 17:27:45 UTC] Web Service failed to start.
System.IO.IOException: Failed to bind to address http://[::]:5380: address already in use.
 ---> Microsoft.AspNetCore.Connections.AddressInUseException: Address in use
 ---> System.Net.Sockets.SocketException (98): Address in use
   at System.Net.Sockets.Socket.UpdateStatusAfterSocketErrorAndThrowException(SocketError error, Boolean disconnectOnFailure, String callerName)
   at System.Net.Sockets.Socket.DoBind(EndPoint endPointSnapshot, SocketAddress socketAddress)
   at System.Net.Sockets.Socket.Bind(EndPoint localEP)
   at Microsoft.AspNetCore.Server.Kestrel.Transport.Sockets.SocketTransportOptions.CreateDefaultBoundListenSocket(EndPoint endpoint)
   at Microsoft.AspNetCore.Server.Kestrel.Transport.Sockets.SocketConnectionListener.Bind()
   --- End of inner exception stack trace ---
   at Microsoft.AspNetCore.Server.Kestrel.Transport.Sockets.SocketConnectionListener.Bind()
   at Microsoft.AspNetCore.Server.Kestrel.Transport.Sockets.SocketTransportFactory.BindAsync(EndPoint endpoint, CancellationToken cancellationToken)
   at Microsoft.AspNetCore.Server.Kestrel.Core.Internal.Infrastructure.TransportManager.BindAsync(EndPoint endPoint, ConnectionDelegate connectionDelegate, EndpointConfig endpointConfig, CancellationToken cancellationToken)
   at Microsoft.AspNetCore.Server.Kestrel.Core.KestrelServerImpl.<>c__DisplayClass28_0`1.<<StartAsync>g__OnBind|0>d.MoveNext()
--- End of stack trace from previous location ---
   at Microsoft.AspNetCore.Server.Kestrel.Core.Internal.AddressBinder.BindEndpointAsync(ListenOptions endpoint, AddressBindContext context, CancellationToken cancellationToken)
   --- End of inner exception stack trace ---
   at Microsoft.AspNetCore.Server.Kestrel.Core.Internal.AddressBinder.BindEndpointAsync(ListenOptions endpoint, AddressBindContext context, CancellationToken cancellationToken)
   at Microsoft.AspNetCore.Server.Kestrel.Core.ListenOptions.BindAsync(AddressBindContext context, CancellationToken cancellationToken)
   at Microsoft.AspNetCore.Server.Kestrel.Core.Internal.AddressBinder.EndpointsStrategy.BindAsync(AddressBindContext context, CancellationToken cancellationToken)
   at Microsoft.AspNetCore.Server.Kestrel.Core.KestrelServerImpl.BindAsync(CancellationToken cancellationToken)
   at Microsoft.AspNetCore.Server.Kestrel.Core.KestrelServerImpl.StartAsync[TContext](IHttpApplication`1 application, CancellationToken cancellationToken)
   at Microsoft.AspNetCore.Hosting.GenericWebHostService.StartAsync(CancellationToken cancellationToken)
   at Microsoft.Extensions.Hosting.Internal.Host.<StartAsync>b__14_1(IHostedService service, CancellationToken token)
   at Microsoft.Extensions.Hosting.Internal.Host.ForeachService[T](IEnumerable`1 services, CancellationToken token, Boolean concurrent, Boolean abortOnFirstException, List`1 exceptions, Func`3 operation)
   at Microsoft.Extensions.Hosting.Internal.Host.StartAsync(CancellationToken cancellationToken)
   at DnsServerCore.DnsWebService.StartWebServiceAsync(Boolean httpOnlyMode) in Z:\Technitium\Projects\DnsServer\DnsServerCore\DnsWebService.cs:line 1986
   at DnsServerCore.DnsWebService.StartWebServiceAsync(Boolean httpOnlyMode)
   at DnsServerCore.DnsWebService.TryStartWebServiceAsync(IReadOnlyList`1 oldWebServiceLocalAddresses, Int32 oldWebServiceHttpPort, Int32 oldWebServiceTlsPort) in Z:\Technitium\Projects\DnsServer\DnsServerCore\DnsWebService.cs:line 1691
[2026-08-18 17:27:45 UTC] Attempting to start Web Service on ANY (0.0.0.0) fallback address...
[2026-08-18 17:27:46 UTC] [0.0.0.0:5380] [HTTP] Web Service failed to bind.
[2026-08-18 17:27:46 UTC] Web Service failed to start.
System.IO.IOException: Failed to bind to address http://0.0.0.0:5380: address already in use.
 ---> Microsoft.AspNetCore.Connections.AddressInUseException: Address in use
 ---> System.Net.Sockets.SocketException (98): Address in use
   at System.Net.Sockets.Socket.UpdateStatusAfterSocketErrorAndThrowException(SocketError error, Boolean disconnectOnFailure, String callerName)
   at System.Net.Sockets.Socket.DoBind(EndPoint endPointSnapshot, SocketAddress socketAddress)
   at System.Net.Sockets.Socket.Bind(EndPoint localEP)
   at Microsoft.AspNetCore.Server.Kestrel.Transport.Sockets.SocketTransportOptions.CreateDefaultBoundListenSocket(EndPoint endpoint)
   at Microsoft.AspNetCore.Server.Kestrel.Transport.Sockets.SocketConnectionListener.Bind()
   --- End of inner exception stack trace ---
   at Microsoft.AspNetCore.Server.Kestrel.Transport.Sockets.SocketConnectionListener.Bind()
   at Microsoft.AspNetCore.Server.Kestrel.Transport.Sockets.SocketTransportFactory.BindAsync(EndPoint endpoint, CancellationToken cancellationToken)
   at Microsoft.AspNetCore.Server.Kestrel.Core.Internal.Infrastructure.TransportManager.BindAsync(EndPoint endPoint, ConnectionDelegate connectionDelegate, EndpointConfig endpointConfig, CancellationToken cancellationToken)
   at Microsoft.AspNetCore.Server.Kestrel.Core.KestrelServerImpl.<>c__DisplayClass28_0`1.<<StartAsync>g__OnBind|0>d.MoveNext()
--- End of stack trace from previous location ---
   at Microsoft.AspNetCore.Server.Kestrel.Core.Internal.AddressBinder.BindEndpointAsync(ListenOptions endpoint, AddressBindContext context, CancellationToken cancellationToken)
   --- End of inner exception stack trace ---
   at Microsoft.AspNetCore.Server.Kestrel.Core.Internal.AddressBinder.BindEndpointAsync(ListenOptions endpoint, AddressBindContext context, CancellationToken cancellationToken)
   at Microsoft.AspNetCore.Server.Kestrel.Core.ListenOptions.BindAsync(AddressBindContext context, CancellationToken cancellationToken)
   at Microsoft.AspNetCore.Server.Kestrel.Core.Internal.AddressBinder.EndpointsStrategy.BindAsync(AddressBindContext context, CancellationToken cancellationToken)
   at Microsoft.AspNetCore.Server.Kestrel.Core.KestrelServerImpl.BindAsync(CancellationToken cancellationToken)
   at Microsoft.AspNetCore.Server.Kestrel.Core.KestrelServerImpl.StartAsync[TContext](IHttpApplication`1 application, CancellationToken cancellationToken)
   at Microsoft.AspNetCore.Hosting.GenericWebHostService.StartAsync(CancellationToken cancellationToken)
   at Microsoft.Extensions.Hosting.Internal.Host.<StartAsync>b__14_1(IHostedService service, CancellationToken token)
   at Microsoft.Extensions.Hosting.Internal.Host.ForeachService[T](IEnumerable`1 services, CancellationToken token, Boolean concurrent, Boolean abortOnFirstException, List`1 exceptions, Func`3 operation)
   at Microsoft.Extensions.Hosting.Internal.Host.StartAsync(CancellationToken cancellationToken)
   at DnsServerCore.DnsWebService.StartWebServiceAsync(Boolean httpOnlyMode) in Z:\Technitium\Projects\DnsServer\DnsServerCore\DnsWebService.cs:line 1986
   at DnsServerCore.DnsWebService.StartWebServiceAsync(Boolean httpOnlyMode)
   at DnsServerCore.DnsWebService.TryStartWebServiceAsync(IReadOnlyList`1 oldWebServiceLocalAddresses, Int32 oldWebServiceHttpPort, Int32 oldWebServiceTlsPort) in Z:\Technitium\Projects\DnsServer\DnsServerCore\DnsWebService.cs:line 1711
[2026-08-18 17:27:46 UTC] Attempting to start Web Service on loopback (127.0.0.1) fallback address...
[2026-08-18 17:27:46 UTC] [127.0.0.1:5380] [HTTP] Web Service failed to bind.
[2026-08-18 17:27:47 UTC] Failed to start DNS Server (v15.4.0.0).
System.IO.IOException: Failed to bind to address http://127.0.0.1:5380: address already in use.
 ---> Microsoft.AspNetCore.Connections.AddressInUseException: Address in use
 ---> System.Net.Sockets.SocketException (98): Address in use
   at System.Net.Sockets.Socket.UpdateStatusAfterSocketErrorAndThrowException(SocketError error, Boolean disconnectOnFailure, String callerName)
   at System.Net.Sockets.Socket.DoBind(EndPoint endPointSnapshot, SocketAddress socketAddress)
   at System.Net.Sockets.Socket.Bind(EndPoint localEP)
   at Microsoft.AspNetCore.Server.Kestrel.Transport.Sockets.SocketTransportOptions.CreateDefaultBoundListenSocket(EndPoint endpoint)
   at Microsoft.AspNetCore.Server.Kestrel.Transport.Sockets.SocketConnectionListener.Bind()
   --- End of inner exception stack trace ---
   at Microsoft.AspNetCore.Server.Kestrel.Transport.Sockets.SocketConnectionListener.Bind()
   at Microsoft.AspNetCore.Server.Kestrel.Transport.Sockets.SocketTransportFactory.BindAsync(EndPoint endpoint, CancellationToken cancellationToken)
   at Microsoft.AspNetCore.Server.Kestrel.Core.Internal.Infrastructure.TransportManager.BindAsync(EndPoint endPoint, ConnectionDelegate connectionDelegate, EndpointConfig endpointConfig, CancellationToken cancellationToken)
   at Microsoft.AspNetCore.Server.Kestrel.Core.KestrelServerImpl.<>c__DisplayClass28_0`1.<<StartAsync>g__OnBind|0>d.MoveNext()
--- End of stack trace from previous location ---
   at Microsoft.AspNetCore.Server.Kestrel.Core.Internal.AddressBinder.BindEndpointAsync(ListenOptions endpoint, AddressBindContext context, CancellationToken cancellationToken)
   --- End of inner exception stack trace ---
   at Microsoft.AspNetCore.Server.Kestrel.Core.Internal.AddressBinder.BindEndpointAsync(ListenOptions endpoint, AddressBindContext context, CancellationToken cancellationToken)
   at Microsoft.AspNetCore.Server.Kestrel.Core.ListenOptions.BindAsync(AddressBindContext context, CancellationToken cancellationToken)
   at Microsoft.AspNetCore.Server.Kestrel.Core.Internal.AddressBinder.EndpointsStrategy.BindAsync(AddressBindContext context, CancellationToken cancellationToken)
   at Microsoft.AspNetCore.Server.Kestrel.Core.KestrelServerImpl.BindAsync(CancellationToken cancellationToken)
   at Microsoft.AspNetCore.Server.Kestrel.Core.KestrelServerImpl.StartAsync[TContext](IHttpApplication`1 application, CancellationToken cancellationToken)
   at Microsoft.AspNetCore.Hosting.GenericWebHostService.StartAsync(CancellationToken cancellationToken)
   at Microsoft.Extensions.Hosting.Internal.Host.<StartAsync>b__14_1(IHostedService service, CancellationToken token)
   at Microsoft.Extensions.Hosting.Internal.Host.ForeachService[T](IEnumerable`1 services, CancellationToken token, Boolean concurrent, Boolean abortOnFirstException, List`1 exceptions, Func`3 operation)
   at Microsoft.Extensions.Hosting.Internal.Host.StartAsync(CancellationToken cancellationToken)
   at DnsServerCore.DnsWebService.StartWebServiceAsync(Boolean httpOnlyMode) in Z:\Technitium\Projects\DnsServer\DnsServerCore\DnsWebService.cs:line 1986
   at DnsServerCore.DnsWebService.StartWebServiceAsync(Boolean httpOnlyMode)
   at DnsServerCore.DnsWebService.TryStartWebServiceAsync(IReadOnlyList`1 oldWebServiceLocalAddresses, Int32 oldWebServiceHttpPort, Int32 oldWebServiceTlsPort) in Z:\Technitium\Projects\DnsServer\DnsServerCore\DnsWebService.cs:line 1723
   at DnsServerCore.DnsWebService.StartAsync(Boolean throwIfBindFails) in Z:\Technitium\Projects\DnsServer\DnsServerCore\DnsWebService.cs:line 2949
[2026-08-18 17:27:48 UTC] DNS Server auth config file was saved: /etc/dns/auth.config
[2026-08-18 17:27:49 UTC] Logging stopped.
[2026-08-18 17:28:07 UTC] Logging started.
[2026-08-18 17:28:09 UTC] DNS Server auth config file was loaded: /etc/dns/auth.config
[2026-08-18 17:28:21 UTC] Web Service config file was loaded: /etc/dns/webservice.config
[2026-08-18 17:28:22 UTC] DNS Server config file was loaded: /etc/dns/dns.config
[2026-08-18 17:28:23 UTC] DNS Server allowed zone file was loaded: /etc/dns/allowed.config
[2026-08-18 17:28:23 UTC] DNS Server blocked zone file was loaded: /etc/dns/blocked.config
[2026-08-18 17:28:23 UTC] DNS Server block list config file was loaded: /etc/dns/blocklist.config
[2026-08-18 17:28:28 UTC] DNS Server auth config file was saved: /etc/dns/auth.config
[2026-08-18 17:28:36 UTC] [[::]:5380] [HTTP] Web Service failed to bind.
[2026-08-18 17:28:37 UTC] Web Service failed to start.
System.IO.IOException: Failed to bind to address http://[::]:5380: address already in use.
 ---> Microsoft.AspNetCore.Connections.AddressInUseException: Address in use
 ---> System.Net.Sockets.SocketException (98): Address in use
   at System.Net.Sockets.Socket.UpdateStatusAfterSocketErrorAndThrowException(SocketError error, Boolean disconnectOnFailure, String callerName)
   at System.Net.Sockets.Socket.DoBind(EndPoint endPointSnapshot, SocketAddress socketAddress)
   at System.Net.Sockets.Socket.Bind(EndPoint localEP)
   at Microsoft.AspNetCore.Server.Kestrel.Transport.Sockets.SocketTransportOptions.CreateDefaultBoundListenSocket(EndPoint endpoint)
   at Microsoft.AspNetCore.Server.Kestrel.Transport.Sockets.SocketConnectionListener.Bind()
   --- End of inner exception stack trace ---
   at Microsoft.AspNetCore.Server.Kestrel.Transport.Sockets.SocketConnectionListener.Bind()
   at Microsoft.AspNetCore.Server.Kestrel.Transport.Sockets.SocketTransportFactory.BindAsync(EndPoint endpoint, CancellationToken cancellationToken)
   at Microsoft.AspNetCore.Server.Kestrel.Core.Internal.Infrastructure.TransportManager.BindAsync(EndPoint endPoint, ConnectionDelegate connectionDelegate, EndpointConfig endpointConfig, CancellationToken cancellationToken)
   at Microsoft.AspNetCore.Server.Kestrel.Core.KestrelServerImpl.<>c__DisplayClass28_0`1.<<StartAsync>g__OnBind|0>d.MoveNext()
--- End of stack trace from previous location ---
   at Microsoft.AspNetCore.Server.Kestrel.Core.Internal.AddressBinder.BindEndpointAsync(ListenOptions endpoint, AddressBindContext context, CancellationToken cancellationToken)
   --- End of inner exception stack trace ---
   at Microsoft.AspNetCore.Server.Kestrel.Core.Internal.AddressBinder.BindEndpointAsync(ListenOptions endpoint, AddressBindContext context, CancellationToken cancellationToken)
   at Microsoft.AspNetCore.Server.Kestrel.Core.ListenOptions.BindAsync(AddressBindContext context, CancellationToken cancellationToken)
   at Microsoft.AspNetCore.Server.Kestrel.Core.Internal.AddressBinder.EndpointsStrategy.BindAsync(AddressBindContext context, CancellationToken cancellationToken)
   at Microsoft.AspNetCore.Server.Kestrel.Core.KestrelServerImpl.BindAsync(CancellationToken cancellationToken)
   at Microsoft.AspNetCore.Server.Kestrel.Core.KestrelServerImpl.StartAsync[TContext](IHttpApplication`1 application, CancellationToken cancellationToken)
   at Microsoft.AspNetCore.Hosting.GenericWebHostService.StartAsync(CancellationToken cancellationToken)
   at Microsoft.Extensions.Hosting.Internal.Host.<StartAsync>b__14_1(IHostedService service, CancellationToken token)
   at Microsoft.Extensions.Hosting.Internal.Host.ForeachService[T](IEnumerable`1 services, CancellationToken token, Boolean concurrent, Boolean abortOnFirstException, List`1 exceptions, Func`3 operation)
   at Microsoft.Extensions.Hosting.Internal.Host.StartAsync(CancellationToken cancellationToken)
   at DnsServerCore.DnsWebService.StartWebServiceAsync(Boolean httpOnlyMode) in Z:\Technitium\Projects\DnsServer\DnsServerCore\DnsWebService.cs:line 1986
   at DnsServerCore.DnsWebService.StartWebServiceAsync(Boolean httpOnlyMode)
   at DnsServerCore.DnsWebService.TryStartWebServiceAsync(IReadOnlyList`1 oldWebServiceLocalAddresses, Int32 oldWebServiceHttpPort, Int32 oldWebServiceTlsPort) in Z:\Technitium\Projects\DnsServer\DnsServerCore\DnsWebService.cs:line 1675
[2026-08-18 17:28:37 UTC] Attempting to revert Web Service end point changes ...
[2026-08-18 17:28:39 UTC] [[::]:5380] [HTTP] Web Service failed to bind.
[2026-08-18 17:28:40 UTC] Web Service failed to start.
System.IO.IOException: Failed to bind to address http://[::]:5380: address already in use.
 ---> Microsoft.AspNetCore.Connections.AddressInUseException: Address in use
 ---> System.Net.Sockets.SocketException (98): Address in use
   at System.Net.Sockets.Socket.UpdateStatusAfterSocketErrorAndThrowException(SocketError error, Boolean disconnectOnFailure, String callerName)
   at System.Net.Sockets.Socket.DoBind(EndPoint endPointSnapshot, SocketAddress socketAddress)
   at System.Net.Sockets.Socket.Bind(EndPoint localEP)
   at Microsoft.AspNetCore.Server.Kestrel.Transport.Sockets.SocketTransportOptions.CreateDefaultBoundListenSocket(EndPoint endpoint)
   at Microsoft.AspNetCore.Server.Kestrel.Transport.Sockets.SocketConnectionListener.Bind()
   --- End of inner exception stack trace ---
   at Microsoft.AspNetCore.Server.Kestrel.Transport.Sockets.SocketConnectionListener.Bind()
   at Microsoft.AspNetCore.Server.Kestrel.Transport.Sockets.SocketTransportFactory.BindAsync(EndPoint endpoint, CancellationToken cancellationToken)
   at Microsoft.AspNetCore.Server.Kestrel.Core.Internal.Infrastructure.TransportManager.BindAsync(EndPoint endPoint, ConnectionDelegate connectionDelegate, EndpointConfig endpointConfig, CancellationToken cancellationToken)
   at Microsoft.AspNetCore.Server.Kestrel.Core.KestrelServerImpl.<>c__DisplayClass28_0`1.<<StartAsync>g__OnBind|0>d.MoveNext()
--- End of stack trace from previous location ---
   at Microsoft.AspNetCore.Server.Kestrel.Core.Internal.AddressBinder.BindEndpointAsync(ListenOptions endpoint, AddressBindContext context, CancellationToken cancellationToken)
   --- End of inner exception stack trace ---
   at Microsoft.AspNetCore.Server.Kestrel.Core.Internal.AddressBinder.BindEndpointAsync(ListenOptions endpoint, AddressBindContext context, CancellationToken cancellationToken)
   at Microsoft.AspNetCore.Server.Kestrel.Core.ListenOptions.BindAsync(AddressBindContext context, CancellationToken cancellationToken)
   at Microsoft.AspNetCore.Server.Kestrel.Core.Internal.AddressBinder.EndpointsStrategy.BindAsync(AddressBindContext context, CancellationToken cancellationToken)
   at Microsoft.AspNetCore.Server.Kestrel.Core.KestrelServerImpl.BindAsync(CancellationToken cancellationToken)
   at Microsoft.AspNetCore.Server.Kestrel.Core.KestrelServerImpl.StartAsync[TContext](IHttpApplication`1 application, CancellationToken cancellationToken)
   at Microsoft.AspNetCore.Hosting.GenericWebHostService.StartAsync(CancellationToken cancellationToken)
   at Microsoft.Extensions.Hosting.Internal.Host.<StartAsync>b__14_1(IHostedService service, CancellationToken token)
   at Microsoft.Extensions.Hosting.Internal.Host.ForeachService[T](IEnumerable`1 services, CancellationToken token, Boolean concurrent, Boolean abortOnFirstException, List`1 exceptions, Func`3 operation)
   at Microsoft.Extensions.Hosting.Internal.Host.StartAsync(CancellationToken cancellationToken)
   at DnsServerCore.DnsWebService.StartWebServiceAsync(Boolean httpOnlyMode) in Z:\Technitium\Projects\DnsServer\DnsServerCore\DnsWebService.cs:line 1986
   at DnsServerCore.DnsWebService.StartWebServiceAsync(Boolean httpOnlyMode)
   at DnsServerCore.DnsWebService.TryStartWebServiceAsync(IReadOnlyList`1 oldWebServiceLocalAddresses, Int32 oldWebServiceHttpPort, Int32 oldWebServiceTlsPort) in Z:\Technitium\Projects\DnsServer\DnsServerCore\DnsWebService.cs:line 1691
[2026-08-18 17:28:40 UTC] Attempting to start Web Service on ANY (0.0.0.0) fallback address...
[2026-08-18 17:28:40 UTC] [0.0.0.0:5380] [HTTP] Web Service failed to bind.
[2026-08-18 17:28:40 UTC] Web Service failed to start.
System.IO.IOException: Failed to bind to address http://0.0.0.0:5380: address already in use.
 ---> Microsoft.AspNetCore.Connections.AddressInUseException: Address in use
 ---> System.Net.Sockets.SocketException (98): Address in use
   at System.Net.Sockets.Socket.UpdateStatusAfterSocketErrorAndThrowException(SocketError error, Boolean disconnectOnFailure, String callerName)
   at System.Net.Sockets.Socket.DoBind(EndPoint endPointSnapshot, SocketAddress socketAddress)
   at System.Net.Sockets.Socket.Bind(EndPoint localEP)
   at Microsoft.AspNetCore.Server.Kestrel.Transport.Sockets.SocketTransportOptions.CreateDefaultBoundListenSocket(EndPoint endpoint)
   at Microsoft.AspNetCore.Server.Kestrel.Transport.Sockets.SocketConnectionListener.Bind()
   --- End of inner exception stack trace ---
   at Microsoft.AspNetCore.Server.Kestrel.Transport.Sockets.SocketConnectionListener.Bind()
   at Microsoft.AspNetCore.Server.Kestrel.Transport.Sockets.SocketTransportFactory.BindAsync(EndPoint endpoint, CancellationToken cancellationToken)
   at Microsoft.AspNetCore.Server.Kestrel.Core.Internal.Infrastructure.TransportManager.BindAsync(EndPoint endPoint, ConnectionDelegate connectionDelegate, EndpointConfig endpointConfig, CancellationToken cancellationToken)
   at Microsoft.AspNetCore.Server.Kestrel.Core.KestrelServerImpl.<>c__DisplayClass28_0`1.<<StartAsync>g__OnBind|0>d.MoveNext()
--- End of stack trace from previous location ---
   at Microsoft.AspNetCore.Server.Kestrel.Core.Internal.AddressBinder.BindEndpointAsync(ListenOptions endpoint, AddressBindContext context, CancellationToken cancellationToken)
   --- End of inner exception stack trace ---
   at Microsoft.AspNetCore.Server.Kestrel.Core.Internal.AddressBinder.BindEndpointAsync(ListenOptions endpoint, AddressBindContext context, CancellationToken cancellationToken)
   at Microsoft.AspNetCore.Server.Kestrel.Core.ListenOptions.BindAsync(AddressBindContext context, CancellationToken cancellationToken)
   at Microsoft.AspNetCore.Server.Kestrel.Core.Internal.AddressBinder.EndpointsStrategy.BindAsync(AddressBindContext context, CancellationToken cancellationToken)
   at Microsoft.AspNetCore.Server.Kestrel.Core.KestrelServerImpl.BindAsync(CancellationToken cancellationToken)
   at Microsoft.AspNetCore.Server.Kestrel.Core.KestrelServerImpl.StartAsync[TContext](IHttpApplication`1 application, CancellationToken cancellationToken)
   at Microsoft.AspNetCore.Hosting.GenericWebHostService.StartAsync(CancellationToken cancellationToken)
   at Microsoft.Extensions.Hosting.Internal.Host.<StartAsync>b__14_1(IHostedService service, CancellationToken token)
   at Microsoft.Extensions.Hosting.Internal.Host.ForeachService[T](IEnumerable`1 services, CancellationToken token, Boolean concurrent, Boolean abortOnFirstException, List`1 exceptions, Func`3 operation)
   at Microsoft.Extensions.Hosting.Internal.Host.StartAsync(CancellationToken cancellationToken)
   at DnsServerCore.DnsWebService.StartWebServiceAsync(Boolean httpOnlyMode) in Z:\Technitium\Projects\DnsServer\DnsServerCore\DnsWebService.cs:line 1986
   at DnsServerCore.DnsWebService.StartWebServiceAsync(Boolean httpOnlyMode)
   at DnsServerCore.DnsWebService.TryStartWebServiceAsync(IReadOnlyList`1 oldWebServiceLocalAddresses, Int32 oldWebServiceHttpPort, Int32 oldWebServiceTlsPort) in Z:\Technitium\Projects\DnsServer\DnsServerCore\DnsWebService.cs:line 1711
[2026-08-18 17:28:40 UTC] Attempting to start Web Service on loopback (127.0.0.1) fallback address...
[2026-08-18 17:28:41 UTC] [127.0.0.1:5380] [HTTP] Web Service failed to bind.
[2026-08-18 17:28:41 UTC] Failed to start DNS Server (v15.4.0.0).
System.IO.IOException: Failed to bind to address http://127.0.0.1:5380: address already in use.
 ---> Microsoft.AspNetCore.Connections.AddressInUseException: Address in use
 ---> System.Net.Sockets.SocketException (98): Address in use
   at System.Net.Sockets.Socket.UpdateStatusAfterSocketErrorAndThrowException(SocketError error, Boolean disconnectOnFailure, String callerName)
   at System.Net.Sockets.Socket.DoBind(EndPoint endPointSnapshot, SocketAddress socketAddress)
   at System.Net.Sockets.Socket.Bind(EndPoint localEP)
   at Microsoft.AspNetCore.Server.Kestrel.Transport.Sockets.SocketTransportOptions.CreateDefaultBoundListenSocket(EndPoint endpoint)
   at Microsoft.AspNetCore.Server.Kestrel.Transport.Sockets.SocketConnectionListener.Bind()
   --- End of inner exception stack trace ---
   at Microsoft.AspNetCore.Server.Kestrel.Transport.Sockets.SocketConnectionListener.Bind()
   at Microsoft.AspNetCore.Server.Kestrel.Transport.Sockets.SocketTransportFactory.BindAsync(EndPoint endpoint, CancellationToken cancellationToken)
   at Microsoft.AspNetCore.Server.Kestrel.Core.Internal.Infrastructure.TransportManager.BindAsync(EndPoint endPoint, ConnectionDelegate connectionDelegate, EndpointConfig endpointConfig, CancellationToken cancellationToken)
   at Microsoft.AspNetCore.Server.Kestrel.Core.KestrelServerImpl.<>c__DisplayClass28_0`1.<<StartAsync>g__OnBind|0>d.MoveNext()
--- End of stack trace from previous location ---
   at Microsoft.AspNetCore.Server.Kestrel.Core.Internal.AddressBinder.BindEndpointAsync(ListenOptions endpoint, AddressBindContext context, CancellationToken cancellationToken)
   --- End of inner exception stack trace ---
   at Microsoft.AspNetCore.Server.Kestrel.Core.Internal.AddressBinder.BindEndpointAsync(ListenOptions endpoint, AddressBindContext context, CancellationToken cancellationToken)
   at Microsoft.AspNetCore.Server.Kestrel.Core.ListenOptions.BindAsync(AddressBindContext context, CancellationToken cancellationToken)
   at Microsoft.AspNetCore.Server.Kestrel.Core.Internal.AddressBinder.EndpointsStrategy.BindAsync(AddressBindContext context, CancellationToken cancellationToken)
   at Microsoft.AspNetCore.Server.Kestrel.Core.KestrelServerImpl.BindAsync(CancellationToken cancellationToken)
   at Microsoft.AspNetCore.Server.Kestrel.Core.KestrelServerImpl.StartAsync[TContext](IHttpApplication`1 application, CancellationToken cancellationToken)
   at Microsoft.AspNetCore.Hosting.GenericWebHostService.StartAsync(CancellationToken cancellationToken)
   at Microsoft.Extensions.Hosting.Internal.Host.<StartAsync>b__14_1(IHostedService service, CancellationToken token)
   at Microsoft.Extensions.Hosting.Internal.Host.ForeachService[T](IEnumerable`1 services, CancellationToken token, Boolean concurrent, Boolean abortOnFirstException, List`1 exceptions, Func`3 operation)
   at Microsoft.Extensions.Hosting.Internal.Host.StartAsync(CancellationToken cancellationToken)
   at DnsServerCore.DnsWebService.StartWebServiceAsync(Boolean httpOnlyMode) in Z:\Technitium\Projects\DnsServer\DnsServerCore\DnsWebService.cs:line 1986
   at DnsServerCore.DnsWebService.StartWebServiceAsync(Boolean httpOnlyMode)
   at DnsServerCore.DnsWebService.TryStartWebServiceAsync(IReadOnlyList`1 oldWebServiceLocalAddresses, Int32 oldWebServiceHttpPort, Int32 oldWebServiceTlsPort) in Z:\Technitium\Projects\DnsServer\DnsServerCore\DnsWebService.cs:line 1723
   at DnsServerCore.DnsWebService.StartAsync(Boolean throwIfBindFails) in Z:\Technitium\Projects\DnsServer\DnsServerCore\DnsWebService.cs:line 2949
[2026-08-18 17:28:41 UTC] DNS Server auth config file was saved: /etc/dns/auth.config
[2026-08-18 17:28:41 UTC] Logging stopped.
[2026-08-18 17:28:59 UTC] Logging started.
[2026-08-18 17:29:01 UTC] DNS Server auth config file was loaded: /etc/dns/auth.config
[2026-08-18 17:29:13 UTC] Web Service config file was loaded: /etc/dns/webservice.config
[2026-08-18 17:29:14 UTC] DNS Server config file was loaded: /etc/dns/dns.config
[2026-08-18 17:29:14 UTC] DNS Server allowed zone file was loaded: /etc/dns/allowed.config
[2026-08-18 17:29:14 UTC] DNS Server blocked zone file was loaded: /etc/dns/blocked.config
[2026-08-18 17:29:15 UTC] DNS Server block list config file was loaded: /etc/dns/blocklist.config
[2026-08-18 17:29:20 UTC] DNS Server auth config file was saved: /etc/dns/auth.config
[2026-08-18 17:29:27 UTC] [[::]:5380] [HTTP] Web Service failed to bind.
[2026-08-18 17:29:28 UTC] Web Service failed to start.
System.IO.IOException: Failed to bind to address http://[::]:5380: address already in use.
 ---> Microsoft.AspNetCore.Connections.AddressInUseException: Address in use
 ---> System.Net.Sockets.SocketException (98): Address in use
   at System.Net.Sockets.Socket.UpdateStatusAfterSocketErrorAndThrowException(SocketError error, Boolean disconnectOnFailure, String callerName)
   at System.Net.Sockets.Socket.DoBind(EndPoint endPointSnapshot, SocketAddress socketAddress)
   at System.Net.Sockets.Socket.Bind(EndPoint localEP)
   at Microsoft.AspNetCore.Server.Kestrel.Transport.Sockets.SocketTransportOptions.CreateDefaultBoundListenSocket(EndPoint endpoint)
   at Microsoft.AspNetCore.Server.Kestrel.Transport.Sockets.SocketConnectionListener.Bind()
   --- End of inner exception stack trace ---
   at Microsoft.AspNetCore.Server.Kestrel.Transport.Sockets.SocketConnectionListener.Bind()
   at Microsoft.AspNetCore.Server.Kestrel.Transport.Sockets.SocketTransportFactory.BindAsync(EndPoint endpoint, CancellationToken cancellationToken)
   at Microsoft.AspNetCore.Server.Kestrel.Core.Internal.Infrastructure.TransportManager.BindAsync(EndPoint endPoint, ConnectionDelegate connectionDelegate, EndpointConfig endpointConfig, CancellationToken cancellationToken)
   at Microsoft.AspNetCore.Server.Kestrel.Core.KestrelServerImpl.<>c__DisplayClass28_0`1.<<StartAsync>g__OnBind|0>d.MoveNext()
--- End of stack trace from previous location ---
   at Microsoft.AspNetCore.Server.Kestrel.Core.Internal.AddressBinder.BindEndpointAsync(ListenOptions endpoint, AddressBindContext context, CancellationToken cancellationToken)
   --- End of inner exception stack trace ---
   at Microsoft.AspNetCore.Server.Kestrel.Core.Internal.AddressBinder.BindEndpointAsync(ListenOptions endpoint, AddressBindContext context, CancellationToken cancellationToken)
   at Microsoft.AspNetCore.Server.Kestrel.Core.ListenOptions.BindAsync(AddressBindContext context, CancellationToken cancellationToken)
   at Microsoft.AspNetCore.Server.Kestrel.Core.Internal.AddressBinder.EndpointsStrategy.BindAsync(AddressBindContext context, CancellationToken cancellationToken)
   at Microsoft.AspNetCore.Server.Kestrel.Core.KestrelServerImpl.BindAsync(CancellationToken cancellationToken)
   at Microsoft.AspNetCore.Server.Kestrel.Core.KestrelServerImpl.StartAsync[TContext](IHttpApplication`1 application, CancellationToken cancellationToken)
   at Microsoft.AspNetCore.Hosting.GenericWebHostService.StartAsync(CancellationToken cancellationToken)
   at Microsoft.Extensions.Hosting.Internal.Host.<StartAsync>b__14_1(IHostedService service, CancellationToken token)
   at Microsoft.Extensions.Hosting.Internal.Host.ForeachService[T](IEnumerable`1 services, CancellationToken token, Boolean concurrent, Boolean abortOnFirstException, List`1 exceptions, Func`3 operation)
   at Microsoft.Extensions.Hosting.Internal.Host.StartAsync(CancellationToken cancellationToken)
   at DnsServerCore.DnsWebService.StartWebServiceAsync(Boolean httpOnlyMode) in Z:\Technitium\Projects\DnsServer\DnsServerCore\DnsWebService.cs:line 1986
   at DnsServerCore.DnsWebService.StartWebServiceAsync(Boolean httpOnlyMode)
   at DnsServerCore.DnsWebService.TryStartWebServiceAsync(IReadOnlyList`1 oldWebServiceLocalAddresses, Int32 oldWebServiceHttpPort, Int32 oldWebServiceTlsPort) in Z:\Technitium\Projects\DnsServer\DnsServerCore\DnsWebService.cs:line 1675
[2026-08-18 17:29:28 UTC] Attempting to revert Web Service end point changes ...
[2026-08-18 17:29:31 UTC] [[::]:5380] [HTTP] Web Service failed to bind.
[2026-08-18 17:29:31 UTC] Web Service failed to start.
System.IO.IOException: Failed to bind to address http://[::]:5380: address already in use.
 ---> Microsoft.AspNetCore.Connections.AddressInUseException: Address in use
 ---> System.Net.Sockets.SocketException (98): Address in use
   at System.Net.Sockets.Socket.UpdateStatusAfterSocketErrorAndThrowException(SocketError error, Boolean disconnectOnFailure, String callerName)
   at System.Net.Sockets.Socket.DoBind(EndPoint endPointSnapshot, SocketAddress socketAddress)
   at System.Net.Sockets.Socket.Bind(EndPoint localEP)
   at Microsoft.AspNetCore.Server.Kestrel.Transport.Sockets.SocketTransportOptions.CreateDefaultBoundListenSocket(EndPoint endpoint)
   at Microsoft.AspNetCore.Server.Kestrel.Transport.Sockets.SocketConnectionListener.Bind()
   --- End of inner exception stack trace ---
   at Microsoft.AspNetCore.Server.Kestrel.Transport.Sockets.SocketConnectionListener.Bind()
   at Microsoft.AspNetCore.Server.Kestrel.Transport.Sockets.SocketTransportFactory.BindAsync(EndPoint endpoint, CancellationToken cancellationToken)
   at Microsoft.AspNetCore.Server.Kestrel.Core.Internal.Infrastructure.TransportManager.BindAsync(EndPoint endPoint, ConnectionDelegate connectionDelegate, EndpointConfig endpointConfig, CancellationToken cancellationToken)
   at Microsoft.AspNetCore.Server.Kestrel.Core.KestrelServerImpl.<>c__DisplayClass28_0`1.<<StartAsync>g__OnBind|0>d.MoveNext()
--- End of stack trace from previous location ---
   at Microsoft.AspNetCore.Server.Kestrel.Core.Internal.AddressBinder.BindEndpointAsync(ListenOptions endpoint, AddressBindContext context, CancellationToken cancellationToken)
   --- End of inner exception stack trace ---
   at Microsoft.AspNetCore.Server.Kestrel.Core.Internal.AddressBinder.BindEndpointAsync(ListenOptions endpoint, AddressBindContext context, CancellationToken cancellationToken)
   at Microsoft.AspNetCore.Server.Kestrel.Core.ListenOptions.BindAsync(AddressBindContext context, CancellationToken cancellationToken)
   at Microsoft.AspNetCore.Server.Kestrel.Core.Internal.AddressBinder.EndpointsStrategy.BindAsync(AddressBindContext context, CancellationToken cancellationToken)
   at Microsoft.AspNetCore.Server.Kestrel.Core.KestrelServerImpl.BindAsync(CancellationToken cancellationToken)
   at Microsoft.AspNetCore.Server.Kestrel.Core.KestrelServerImpl.StartAsync[TContext](IHttpApplication`1 application, CancellationToken cancellationToken)
   at Microsoft.AspNetCore.Hosting.GenericWebHostService.StartAsync(CancellationToken cancellationToken)
   at Microsoft.Extensions.Hosting.Internal.Host.<StartAsync>b__14_1(IHostedService service, CancellationToken token)
   at Microsoft.Extensions.Hosting.Internal.Host.ForeachService[T](IEnumerable`1 services, CancellationToken token, Boolean concurrent, Boolean abortOnFirstException, List`1 exceptions, Func`3 operation)
   at Microsoft.Extensions.Hosting.Internal.Host.StartAsync(CancellationToken cancellationToken)
   at DnsServerCore.DnsWebService.StartWebServiceAsync(Boolean httpOnlyMode) in Z:\Technitium\Projects\DnsServer\DnsServerCore\DnsWebService.cs:line 1986
   at DnsServerCore.DnsWebService.StartWebServiceAsync(Boolean httpOnlyMode)
   at DnsServerCore.DnsWebService.TryStartWebServiceAsync(IReadOnlyList`1 oldWebServiceLocalAddresses, Int32 oldWebServiceHttpPort, Int32 oldWebServiceTlsPort) in Z:\Technitium\Projects\DnsServer\DnsServerCore\DnsWebService.cs:line 1691
[2026-08-18 17:29:31 UTC] Attempting to start Web Service on ANY (0.0.0.0) fallback address...
[2026-08-18 17:29:32 UTC] [0.0.0.0:5380] [HTTP] Web Service failed to bind.
[2026-08-18 17:29:32 UTC] Web Service failed to start.
System.IO.IOException: Failed to bind to address http://0.0.0.0:5380: address already in use.
 ---> Microsoft.AspNetCore.Connections.AddressInUseException: Address in use
 ---> System.Net.Sockets.SocketException (98): Address in use
   at System.Net.Sockets.Socket.UpdateStatusAfterSocketErrorAndThrowException(SocketError error, Boolean disconnectOnFailure, String callerName)
   at System.Net.Sockets.Socket.DoBind(EndPoint endPointSnapshot, SocketAddress socketAddress)
   at System.Net.Sockets.Socket.Bind(EndPoint localEP)
   at Microsoft.AspNetCore.Server.Kestrel.Transport.Sockets.SocketTransportOptions.CreateDefaultBoundListenSocket(EndPoint endpoint)
   at Microsoft.AspNetCore.Server.Kestrel.Transport.Sockets.SocketConnectionListener.Bind()
   --- End of inner exception stack trace ---
   at Microsoft.AspNetCore.Server.Kestrel.Transport.Sockets.SocketConnectionListener.Bind()
   at Microsoft.AspNetCore.Server.Kestrel.Transport.Sockets.SocketTransportFactory.BindAsync(EndPoint endpoint, CancellationToken cancellationToken)
   at Microsoft.AspNetCore.Server.Kestrel.Core.Internal.Infrastructure.TransportManager.BindAsync(EndPoint endPoint, ConnectionDelegate connectionDelegate, EndpointConfig endpointConfig, CancellationToken cancellationToken)
   at Microsoft.AspNetCore.Server.Kestrel.Core.KestrelServerImpl.<>c__DisplayClass28_0`1.<<StartAsync>g__OnBind|0>d.MoveNext()
--- End of stack trace from previous location ---
   at Microsoft.AspNetCore.Server.Kestrel.Core.Internal.AddressBinder.BindEndpointAsync(ListenOptions endpoint, AddressBindContext context, CancellationToken cancellationToken)
   --- End of inner exception stack trace ---
   at Microsoft.AspNetCore.Server.Kestrel.Core.Internal.AddressBinder.BindEndpointAsync(ListenOptions endpoint, AddressBindContext context, CancellationToken cancellationToken)
   at Microsoft.AspNetCore.Server.Kestrel.Core.ListenOptions.BindAsync(AddressBindContext context, CancellationToken cancellationToken)
   at Microsoft.AspNetCore.Server.Kestrel.Core.Internal.AddressBinder.EndpointsStrategy.BindAsync(AddressBindContext context, CancellationToken cancellationToken)
   at Microsoft.AspNetCore.Server.Kestrel.Core.KestrelServerImpl.BindAsync(CancellationToken cancellationToken)
   at Microsoft.AspNetCore.Server.Kestrel.Core.KestrelServerImpl.StartAsync[TContext](IHttpApplication`1 application, CancellationToken cancellationToken)
   at Microsoft.AspNetCore.Hosting.GenericWebHostService.StartAsync(CancellationToken cancellationToken)
   at Microsoft.Extensions.Hosting.Internal.Host.<StartAsync>b__14_1(IHostedService service, CancellationToken token)
   at Microsoft.Extensions.Hosting.Internal.Host.ForeachService[T](IEnumerable`1 services, CancellationToken token, Boolean concurrent, Boolean abortOnFirstException, List`1 exceptions, Func`3 operation)
   at Microsoft.Extensions.Hosting.Internal.Host.StartAsync(CancellationToken cancellationToken)
   at DnsServerCore.DnsWebService.StartWebServiceAsync(Boolean httpOnlyMode) in Z:\Technitium\Projects\DnsServer\DnsServerCore\DnsWebService.cs:line 1986
   at DnsServerCore.DnsWebService.StartWebServiceAsync(Boolean httpOnlyMode)
   at DnsServerCore.DnsWebService.TryStartWebServiceAsync(IReadOnlyList`1 oldWebServiceLocalAddresses, Int32 oldWebServiceHttpPort, Int32 oldWebServiceTlsPort) in Z:\Technitium\Projects\DnsServer\DnsServerCore\DnsWebService.cs:line 1711
[2026-08-18 17:29:32 UTC] Attempting to start Web Service on loopback (127.0.0.1) fallback address...
[2026-08-18 17:29:32 UTC] [127.0.0.1:5380] [HTTP] Web Service failed to bind.
[2026-08-18 17:29:32 UTC] Failed to start DNS Server (v15.4.0.0).
System.IO.IOException: Failed to bind to address http://127.0.0.1:5380: address already in use.
 ---> Microsoft.AspNetCore.Connections.AddressInUseException: Address in use
 ---> System.Net.Sockets.SocketException (98): Address in use
   at System.Net.Sockets.Socket.UpdateStatusAfterSocketErrorAndThrowException(SocketError error, Boolean disconnectOnFailure, String callerName)
   at System.Net.Sockets.Socket.DoBind(EndPoint endPointSnapshot, SocketAddress socketAddress)
   at System.Net.Sockets.Socket.Bind(EndPoint localEP)
   at Microsoft.AspNetCore.Server.Kestrel.Transport.Sockets.SocketTransportOptions.CreateDefaultBoundListenSocket(EndPoint endpoint)
   at Microsoft.AspNetCore.Server.Kestrel.Transport.Sockets.SocketConnectionListener.Bind()
   --- End of inner exception stack trace ---
   at Microsoft.AspNetCore.Server.Kestrel.Transport.Sockets.SocketConnectionListener.Bind()
   at Microsoft.AspNetCore.Server.Kestrel.Transport.Sockets.SocketTransportFactory.BindAsync(EndPoint endpoint, CancellationToken cancellationToken)
   at Microsoft.AspNetCore.Server.Kestrel.Core.Internal.Infrastructure.TransportManager.BindAsync(EndPoint endPoint, ConnectionDelegate connectionDelegate, EndpointConfig endpointConfig, CancellationToken cancellationToken)
   at Microsoft.AspNetCore.Server.Kestrel.Core.KestrelServerImpl.<>c__DisplayClass28_0`1.<<StartAsync>g__OnBind|0>d.MoveNext()
--- End of stack trace from previous location ---
   at Microsoft.AspNetCore.Server.Kestrel.Core.Internal.AddressBinder.BindEndpointAsync(ListenOptions endpoint, AddressBindContext context, CancellationToken cancellationToken)
   --- End of inner exception stack trace ---
   at Microsoft.AspNetCore.Server.Kestrel.Core.Internal.AddressBinder.BindEndpointAsync(ListenOptions endpoint, AddressBindContext context, CancellationToken cancellationToken)
   at Microsoft.AspNetCore.Server.Kestrel.Core.ListenOptions.BindAsync(AddressBindContext context, CancellationToken cancellationToken)
   at Microsoft.AspNetCore.Server.Kestrel.Core.Internal.AddressBinder.EndpointsStrategy.BindAsync(AddressBindContext context, CancellationToken cancellationToken)
   at Microsoft.AspNetCore.Server.Kestrel.Core.KestrelServerImpl.BindAsync(CancellationToken cancellationToken)
   at Microsoft.AspNetCore.Server.Kestrel.Core.KestrelServerImpl.StartAsync[TContext](IHttpApplication`1 application, CancellationToken cancellationToken)
   at Microsoft.AspNetCore.Hosting.GenericWebHostService.StartAsync(CancellationToken cancellationToken)
   at Microsoft.Extensions.Hosting.Internal.Host.<StartAsync>b__14_1(IHostedService service, CancellationToken token)
   at Microsoft.Extensions.Hosting.Internal.Host.ForeachService[T](IEnumerable`1 services, CancellationToken token, Boolean concurrent, Boolean abortOnFirstException, List`1 exceptions, Func`3 operation)
   at Microsoft.Extensions.Hosting.Internal.Host.StartAsync(CancellationToken cancellationToken)
   at DnsServerCore.DnsWebService.StartWebServiceAsync(Boolean httpOnlyMode) in Z:\Technitium\Projects\DnsServer\DnsServerCore\DnsWebService.cs:line 1986
   at DnsServerCore.DnsWebService.StartWebServiceAsync(Boolean httpOnlyMode)
   at DnsServerCore.DnsWebService.TryStartWebServiceAsync(IReadOnlyList`1 oldWebServiceLocalAddresses, Int32 oldWebServiceHttpPort, Int32 oldWebServiceTlsPort) in Z:\Technitium\Projects\DnsServer\DnsServerCore\DnsWebService.cs:line 1723
   at DnsServerCore.DnsWebService.StartAsync(Boolean throwIfBindFails) in Z:\Technitium\Projects\DnsServer\DnsServerCore\DnsWebService.cs:line 2949
[2026-08-18 17:29:33 UTC] DNS Server auth config file was saved: /etc/dns/auth.config
[2026-08-18 17:29:33 UTC] Logging stopped.
[2026-08-18 17:29:50 UTC] Logging started.
[2026-08-18 17:29:52 UTC] DNS Server auth config file was loaded: /etc/dns/auth.config
[2026-08-18 17:30:02 UTC] Web Service config file was loaded: /etc/dns/webservice.config
[2026-08-18 17:30:03 UTC] DNS Server config file was loaded: /etc/dns/dns.config
[2026-08-18 17:30:04 UTC] DNS Server allowed zone file was loaded: /etc/dns/allowed.config
[2026-08-18 17:30:04 UTC] DNS Server blocked zone file was loaded: /etc/dns/blocked.config
[2026-08-18 17:30:04 UTC] DNS Server block list config file was loaded: /etc/dns/blocklist.config
[2026-08-18 17:30:09 UTC] DNS Server auth config file was saved: /etc/dns/auth.config
[2026-08-18 17:30:16 UTC] [[::]:5380] [HTTP] Web Service failed to bind.
[2026-08-18 17:30:17 UTC] Web Service failed to start.
System.IO.IOException: Failed to bind to address http://[::]:5380: address already in use.
 ---> Microsoft.AspNetCore.Connections.AddressInUseException: Address in use
 ---> System.Net.Sockets.SocketException (98): Address in use
   at System.Net.Sockets.Socket.UpdateStatusAfterSocketErrorAndThrowException(SocketError error, Boolean disconnectOnFailure, String callerName)
   at System.Net.Sockets.Socket.DoBind(EndPoint endPointSnapshot, SocketAddress socketAddress)
   at System.Net.Sockets.Socket.Bind(EndPoint localEP)
   at Microsoft.AspNetCore.Server.Kestrel.Transport.Sockets.SocketTransportOptions.CreateDefaultBoundListenSocket(EndPoint endpoint)
   at Microsoft.AspNetCore.Server.Kestrel.Transport.Sockets.SocketConnectionListener.Bind()
   --- End of inner exception stack trace ---
   at Microsoft.AspNetCore.Server.Kestrel.Transport.Sockets.SocketConnectionListener.Bind()
   at Microsoft.AspNetCore.Server.Kestrel.Transport.Sockets.SocketTransportFactory.BindAsync(EndPoint endpoint, CancellationToken cancellationToken)
   at Microsoft.AspNetCore.Server.Kestrel.Core.Internal.Infrastructure.TransportManager.BindAsync(EndPoint endPoint, ConnectionDelegate connectionDelegate, EndpointConfig endpointConfig, CancellationToken cancellationToken)
   at Microsoft.AspNetCore.Server.Kestrel.Core.KestrelServerImpl.<>c__DisplayClass28_0`1.<<StartAsync>g__OnBind|0>d.MoveNext()
--- End of stack trace from previous location ---
   at Microsoft.AspNetCore.Server.Kestrel.Core.Internal.AddressBinder.BindEndpointAsync(ListenOptions endpoint, AddressBindContext context, CancellationToken cancellationToken)
   --- End of inner exception stack trace ---
   at Microsoft.AspNetCore.Server.Kestrel.Core.Internal.AddressBinder.BindEndpointAsync(ListenOptions endpoint, AddressBindContext context, CancellationToken cancellationToken)
   at Microsoft.AspNetCore.Server.Kestrel.Core.ListenOptions.BindAsync(AddressBindContext context, CancellationToken cancellationToken)
   at Microsoft.AspNetCore.Server.Kestrel.Core.Internal.AddressBinder.EndpointsStrategy.BindAsync(AddressBindContext context, CancellationToken cancellationToken)
   at Microsoft.AspNetCore.Server.Kestrel.Core.KestrelServerImpl.BindAsync(CancellationToken cancellationToken)
   at Microsoft.AspNetCore.Server.Kestrel.Core.KestrelServerImpl.StartAsync[TContext](IHttpApplication`1 application, CancellationToken cancellationToken)
   at Microsoft.AspNetCore.Hosting.GenericWebHostService.StartAsync(CancellationToken cancellationToken)
   at Microsoft.Extensions.Hosting.Internal.Host.<StartAsync>b__14_1(IHostedService service, CancellationToken token)
   at Microsoft.Extensions.Hosting.Internal.Host.ForeachService[T](IEnumerable`1 services, CancellationToken token, Boolean concurrent, Boolean abortOnFirstException, List`1 exceptions, Func`3 operation)
   at Microsoft.Extensions.Hosting.Internal.Host.StartAsync(CancellationToken cancellationToken)
   at DnsServerCore.DnsWebService.StartWebServiceAsync(Boolean httpOnlyMode) in Z:\Technitium\Projects\DnsServer\DnsServerCore\DnsWebService.cs:line 1986
   at DnsServerCore.DnsWebService.StartWebServiceAsync(Boolean httpOnlyMode)
   at DnsServerCore.DnsWebService.TryStartWebServiceAsync(IReadOnlyList`1 oldWebServiceLocalAddresses, Int32 oldWebServiceHttpPort, Int32 oldWebServiceTlsPort) in Z:\Technitium\Projects\DnsServer\DnsServerCore\DnsWebService.cs:line 1675
[2026-08-18 17:30:17 UTC] Attempting to revert Web Service end point changes ...
[2026-08-18 17:30:20 UTC] [[::]:5380] [HTTP] Web Service failed to bind.
[2026-08-18 17:30:20 UTC] Web Service failed to start.
System.IO.IOException: Failed to bind to address http://[::]:5380: address already in use.
 ---> Microsoft.AspNetCore.Connections.AddressInUseException: Address in use
 ---> System.Net.Sockets.SocketException (98): Address in use
   at System.Net.Sockets.Socket.UpdateStatusAfterSocketErrorAndThrowException(SocketError error, Boolean disconnectOnFailure, String callerName)
   at System.Net.Sockets.Socket.DoBind(EndPoint endPointSnapshot, SocketAddress socketAddress)
   at System.Net.Sockets.Socket.Bind(EndPoint localEP)
   at Microsoft.AspNetCore.Server.Kestrel.Transport.Sockets.SocketTransportOptions.CreateDefaultBoundListenSocket(EndPoint endpoint)
   at Microsoft.AspNetCore.Server.Kestrel.Transport.Sockets.SocketConnectionListener.Bind()
   --- End of inner exception stack trace ---
   at Microsoft.AspNetCore.Server.Kestrel.Transport.Sockets.SocketConnectionListener.Bind()
   at Microsoft.AspNetCore.Server.Kestrel.Transport.Sockets.SocketTransportFactory.BindAsync(EndPoint endpoint, CancellationToken cancellationToken)
   at Microsoft.AspNetCore.Server.Kestrel.Core.Internal.Infrastructure.TransportManager.BindAsync(EndPoint endPoint, ConnectionDelegate connectionDelegate, EndpointConfig endpointConfig, CancellationToken cancellationToken)
   at Microsoft.AspNetCore.Server.Kestrel.Core.KestrelServerImpl.<>c__DisplayClass28_0`1.<<StartAsync>g__OnBind|0>d.MoveNext()
--- End of stack trace from previous location ---
   at Microsoft.AspNetCore.Server.Kestrel.Core.Internal.AddressBinder.BindEndpointAsync(ListenOptions endpoint, AddressBindContext context, CancellationToken cancellationToken)
   --- End of inner exception stack trace ---
   at Microsoft.AspNetCore.Server.Kestrel.Core.Internal.AddressBinder.BindEndpointAsync(ListenOptions endpoint, AddressBindContext context, CancellationToken cancellationToken)
   at Microsoft.AspNetCore.Server.Kestrel.Core.ListenOptions.BindAsync(AddressBindContext context, CancellationToken cancellationToken)
   at Microsoft.AspNetCore.Server.Kestrel.Core.Internal.AddressBinder.EndpointsStrategy.BindAsync(AddressBindContext context, CancellationToken cancellationToken)
   at Microsoft.AspNetCore.Server.Kestrel.Core.KestrelServerImpl.BindAsync(CancellationToken cancellationToken)
   at Microsoft.AspNetCore.Server.Kestrel.Core.KestrelServerImpl.StartAsync[TContext](IHttpApplication`1 application, CancellationToken cancellationToken)
   at Microsoft.AspNetCore.Hosting.GenericWebHostService.StartAsync(CancellationToken cancellationToken)
   at Microsoft.Extensions.Hosting.Internal.Host.<StartAsync>b__14_1(IHostedService service, CancellationToken token)
   at Microsoft.Extensions.Hosting.Internal.Host.ForeachService[T](IEnumerable`1 services, CancellationToken token, Boolean concurrent, Boolean abortOnFirstException, List`1 exceptions, Func`3 operation)
   at Microsoft.Extensions.Hosting.Internal.Host.StartAsync(CancellationToken cancellationToken)
   at DnsServerCore.DnsWebService.StartWebServiceAsync(Boolean httpOnlyMode) in Z:\Technitium\Projects\DnsServer\DnsServerCore\DnsWebService.cs:line 1986
   at DnsServerCore.DnsWebService.StartWebServiceAsync(Boolean httpOnlyMode)
   at DnsServerCore.DnsWebService.TryStartWebServiceAsync(IReadOnlyList`1 oldWebServiceLocalAddresses, Int32 oldWebServiceHttpPort, Int32 oldWebServiceTlsPort) in Z:\Technitium\Projects\DnsServer\DnsServerCore\DnsWebService.cs:line 1691
[2026-08-18 17:30:20 UTC] Attempting to start Web Service on ANY (0.0.0.0) fallback address...
[2026-08-18 17:30:20 UTC] [0.0.0.0:5380] [HTTP] Web Service failed to bind.
[2026-08-18 17:30:21 UTC] Web Service failed to start.
System.IO.IOException: Failed to bind to address http://0.0.0.0:5380: address already in use.
 ---> Microsoft.AspNetCore.Connections.AddressInUseException: Address in use
 ---> System.Net.Sockets.SocketException (98): Address in use
   at System.Net.Sockets.Socket.UpdateStatusAfterSocketErrorAndThrowException(SocketError error, Boolean disconnectOnFailure, String callerName)
   at System.Net.Sockets.Socket.DoBind(EndPoint endPointSnapshot, SocketAddress socketAddress)
   at System.Net.Sockets.Socket.Bind(EndPoint localEP)
   at Microsoft.AspNetCore.Server.Kestrel.Transport.Sockets.SocketTransportOptions.CreateDefaultBoundListenSocket(EndPoint endpoint)
   at Microsoft.AspNetCore.Server.Kestrel.Transport.Sockets.SocketConnectionListener.Bind()
   --- End of inner exception stack trace ---
   at Microsoft.AspNetCore.Server.Kestrel.Transport.Sockets.SocketConnectionListener.Bind()
   at Microsoft.AspNetCore.Server.Kestrel.Transport.Sockets.SocketTransportFactory.BindAsync(EndPoint endpoint, CancellationToken cancellationToken)
   at Microsoft.AspNetCore.Server.Kestrel.Core.Internal.Infrastructure.TransportManager.BindAsync(EndPoint endPoint, ConnectionDelegate connectionDelegate, EndpointConfig endpointConfig, CancellationToken cancellationToken)
   at Microsoft.AspNetCore.Server.Kestrel.Core.KestrelServerImpl.<>c__DisplayClass28_0`1.<<StartAsync>g__OnBind|0>d.MoveNext()
--- End of stack trace from previous location ---
   at Microsoft.AspNetCore.Server.Kestrel.Core.Internal.AddressBinder.BindEndpointAsync(ListenOptions endpoint, AddressBindContext context, CancellationToken cancellationToken)
   --- End of inner exception stack trace ---
   at Microsoft.AspNetCore.Server.Kestrel.Core.Internal.AddressBinder.BindEndpointAsync(ListenOptions endpoint, AddressBindContext context, CancellationToken cancellationToken)
   at Microsoft.AspNetCore.Server.Kestrel.Core.ListenOptions.BindAsync(AddressBindContext context, CancellationToken cancellationToken)
   at Microsoft.AspNetCore.Server.Kestrel.Core.Internal.AddressBinder.EndpointsStrategy.BindAsync(AddressBindContext context, CancellationToken cancellationToken)
   at Microsoft.AspNetCore.Server.Kestrel.Core.KestrelServerImpl.BindAsync(CancellationToken cancellationToken)
   at Microsoft.AspNetCore.Server.Kestrel.Core.KestrelServerImpl.StartAsync[TContext](IHttpApplication`1 application, CancellationToken cancellationToken)
   at Microsoft.AspNetCore.Hosting.GenericWebHostService.StartAsync(CancellationToken cancellationToken)
   at Microsoft.Extensions.Hosting.Internal.Host.<StartAsync>b__14_1(IHostedService service, CancellationToken token)
   at Microsoft.Extensions.Hosting.Internal.Host.ForeachService[T](IEnumerable`1 services, CancellationToken token, Boolean concurrent, Boolean abortOnFirstException, List`1 exceptions, Func`3 operation)
   at Microsoft.Extensions.Hosting.Internal.Host.StartAsync(CancellationToken cancellationToken)
   at DnsServerCore.DnsWebService.StartWebServiceAsync(Boolean httpOnlyMode) in Z:\Technitium\Projects\DnsServer\DnsServerCore\DnsWebService.cs:line 1986
   at DnsServerCore.DnsWebService.StartWebServiceAsync(Boolean httpOnlyMode)
   at DnsServerCore.DnsWebService.TryStartWebServiceAsync(IReadOnlyList`1 oldWebServiceLocalAddresses, Int32 oldWebServiceHttpPort, Int32 oldWebServiceTlsPort) in Z:\Technitium\Projects\DnsServer\DnsServerCore\DnsWebService.cs:line 1711
[2026-08-18 17:30:21 UTC] Attempting to start Web Service on loopback (127.0.0.1) fallback address...
[2026-08-18 17:30:21 UTC] [127.0.0.1:5380] [HTTP] Web Service failed to bind.
[2026-08-18 17:30:21 UTC] Failed to start DNS Server (v15.4.0.0).
System.IO.IOException: Failed to bind to address http://127.0.0.1:5380: address already in use.
 ---> Microsoft.AspNetCore.Connections.AddressInUseException: Address in use
 ---> System.Net.Sockets.SocketException (98): Address in use
   at System.Net.Sockets.Socket.UpdateStatusAfterSocketErrorAndThrowException(SocketError error, Boolean disconnectOnFailure, String callerName)
   at System.Net.Sockets.Socket.DoBind(EndPoint endPointSnapshot, SocketAddress socketAddress)
   at System.Net.Sockets.Socket.Bind(EndPoint localEP)
   at Microsoft.AspNetCore.Server.Kestrel.Transport.Sockets.SocketTransportOptions.CreateDefaultBoundListenSocket(EndPoint endpoint)
   at Microsoft.AspNetCore.Server.Kestrel.Transport.Sockets.SocketConnectionListener.Bind()
   --- End of inner exception stack trace ---
   at Microsoft.AspNetCore.Server.Kestrel.Transport.Sockets.SocketConnectionListener.Bind()
   at Microsoft.AspNetCore.Server.Kestrel.Transport.Sockets.SocketTransportFactory.BindAsync(EndPoint endpoint, CancellationToken cancellationToken)
   at Microsoft.AspNetCore.Server.Kestrel.Core.Internal.Infrastructure.TransportManager.BindAsync(EndPoint endPoint, ConnectionDelegate connectionDelegate, EndpointConfig endpointConfig, CancellationToken cancellationToken)
   at Microsoft.AspNetCore.Server.Kestrel.Core.KestrelServerImpl.<>c__DisplayClass28_0`1.<<StartAsync>g__OnBind|0>d.MoveNext()
--- End of stack trace from previous location ---
   at Microsoft.AspNetCore.Server.Kestrel.Core.Internal.AddressBinder.BindEndpointAsync(ListenOptions endpoint, AddressBindContext context, CancellationToken cancellationToken)
   --- End of inner exception stack trace ---
   at Microsoft.AspNetCore.Server.Kestrel.Core.Internal.AddressBinder.BindEndpointAsync(ListenOptions endpoint, AddressBindContext context, CancellationToken cancellationToken)
   at Microsoft.AspNetCore.Server.Kestrel.Core.ListenOptions.BindAsync(AddressBindContext context, CancellationToken cancellationToken)
   at Microsoft.AspNetCore.Server.Kestrel.Core.Internal.AddressBinder.EndpointsStrategy.BindAsync(AddressBindContext context, CancellationToken cancellationToken)
   at Microsoft.AspNetCore.Server.Kestrel.Core.KestrelServerImpl.BindAsync(CancellationToken cancellationToken)
   at Microsoft.AspNetCore.Server.Kestrel.Core.KestrelServerImpl.StartAsync[TContext](IHttpApplication`1 application, CancellationToken cancellationToken)
   at Microsoft.AspNetCore.Hosting.GenericWebHostService.StartAsync(CancellationToken cancellationToken)
   at Microsoft.Extensions.Hosting.Internal.Host.<StartAsync>b__14_1(IHostedService service, CancellationToken token)
   at Microsoft.Extensions.Hosting.Internal.Host.ForeachService[T](IEnumerable`1 services, CancellationToken token, Boolean concurrent, Boolean abortOnFirstException, List`1 exceptions, Func`3 operation)
   at Microsoft.Extensions.Hosting.Internal.Host.StartAsync(CancellationToken cancellationToken)
   at DnsServerCore.DnsWebService.StartWebServiceAsync(Boolean httpOnlyMode) in Z:\Technitium\Projects\DnsServer\DnsServerCore\DnsWebService.cs:line 1986
   at DnsServerCore.DnsWebService.StartWebServiceAsync(Boolean httpOnlyMode)
   at DnsServerCore.DnsWebService.TryStartWebServiceAsync(IReadOnlyList`1 oldWebServiceLocalAddresses, Int32 oldWebServiceHttpPort, Int32 oldWebServiceTlsPort) in Z:\Technitium\Projects\DnsServer\DnsServerCore\DnsWebService.cs:line 1723
   at DnsServerCore.DnsWebService.StartAsync(Boolean throwIfBindFails) in Z:\Technitium\Projects\DnsServer\DnsServerCore\DnsWebService.cs:line 2949
[2026-08-18 17:30:22 UTC] DNS Server auth config file was saved: /etc/dns/auth.config
[2026-08-18 17:30:22 UTC] Logging stopped.
[2026-08-18 17:30:39 UTC] Logging started.
[2026-08-18 17:30:41 UTC] DNS Server auth config file was loaded: /etc/dns/auth.config
[2026-08-18 17:30:53 UTC] Web Service config file was loaded: /etc/dns/webservice.config
[2026-08-18 17:30:54 UTC] DNS Server config file was loaded: /etc/dns/dns.config
[2026-08-18 17:30:55 UTC] DNS Server allowed zone file was loaded: /etc/dns/allowed.config
[2026-08-18 17:30:55 UTC] DNS Server blocked zone file was loaded: /etc/dns/blocked.config
[2026-08-18 17:30:55 UTC] DNS Server block list config file was loaded: /etc/dns/blocklist.config
[2026-08-18 17:31:00 UTC] DNS Server auth config file was saved: /etc/dns/auth.config
[2026-08-18 17:31:07 UTC] [[::]:5380] [HTTP] Web Service failed to bind.
[2026-08-18 17:31:08 UTC] Web Service failed to start.
System.IO.IOException: Failed to bind to address http://[::]:5380: address already in use.
 ---> Microsoft.AspNetCore.Connections.AddressInUseException: Address in use
 ---> System.Net.Sockets.SocketException (98): Address in use
   at System.Net.Sockets.Socket.UpdateStatusAfterSocketErrorAndThrowException(SocketError error, Boolean disconnectOnFailure, String callerName)
   at System.Net.Sockets.Socket.DoBind(EndPoint endPointSnapshot, SocketAddress socketAddress)
   at System.Net.Sockets.Socket.Bind(EndPoint localEP)
   at Microsoft.AspNetCore.Server.Kestrel.Transport.Sockets.SocketTransportOptions.CreateDefaultBoundListenSocket(EndPoint endpoint)
   at Microsoft.AspNetCore.Server.Kestrel.Transport.Sockets.SocketConnectionListener.Bind()
   --- End of inner exception stack trace ---
   at Microsoft.AspNetCore.Server.Kestrel.Transport.Sockets.SocketConnectionListener.Bind()
   at Microsoft.AspNetCore.Server.Kestrel.Transport.Sockets.SocketTransportFactory.BindAsync(EndPoint endpoint, CancellationToken cancellationToken)
   at Microsoft.AspNetCore.Server.Kestrel.Core.Internal.Infrastructure.TransportManager.BindAsync(EndPoint endPoint, ConnectionDelegate connectionDelegate, EndpointConfig endpointConfig, CancellationToken cancellationToken)
   at Microsoft.AspNetCore.Server.Kestrel.Core.KestrelServerImpl.<>c__DisplayClass28_0`1.<<StartAsync>g__OnBind|0>d.MoveNext()
--- End of stack trace from previous location ---
   at Microsoft.AspNetCore.Server.Kestrel.Core.Internal.AddressBinder.BindEndpointAsync(ListenOptions endpoint, AddressBindContext context, CancellationToken cancellationToken)
   --- End of inner exception stack trace ---
   at Microsoft.AspNetCore.Server.Kestrel.Core.Internal.AddressBinder.BindEndpointAsync(ListenOptions endpoint, AddressBindContext context, CancellationToken cancellationToken)
   at Microsoft.AspNetCore.Server.Kestrel.Core.ListenOptions.BindAsync(AddressBindContext context, CancellationToken cancellationToken)
   at Microsoft.AspNetCore.Server.Kestrel.Core.Internal.AddressBinder.EndpointsStrategy.BindAsync(AddressBindContext context, CancellationToken cancellationToken)
   at Microsoft.AspNetCore.Server.Kestrel.Core.KestrelServerImpl.BindAsync(CancellationToken cancellationToken)
   at Microsoft.AspNetCore.Server.Kestrel.Core.KestrelServerImpl.StartAsync[TContext](IHttpApplication`1 application, CancellationToken cancellationToken)
   at Microsoft.AspNetCore.Hosting.GenericWebHostService.StartAsync(CancellationToken cancellationToken)
   at Microsoft.Extensions.Hosting.Internal.Host.<StartAsync>b__14_1(IHostedService service, CancellationToken token)
   at Microsoft.Extensions.Hosting.Internal.Host.ForeachService[T](IEnumerable`1 services, CancellationToken token, Boolean concurrent, Boolean abortOnFirstException, List`1 exceptions, Func`3 operation)
   at Microsoft.Extensions.Hosting.Internal.Host.StartAsync(CancellationToken cancellationToken)
   at DnsServerCore.DnsWebService.StartWebServiceAsync(Boolean httpOnlyMode) in Z:\Technitium\Projects\DnsServer\DnsServerCore\DnsWebService.cs:line 1986
   at DnsServerCore.DnsWebService.StartWebServiceAsync(Boolean httpOnlyMode)
   at DnsServerCore.DnsWebService.TryStartWebServiceAsync(IReadOnlyList`1 oldWebServiceLocalAddresses, Int32 oldWebServiceHttpPort, Int32 oldWebServiceTlsPort) in Z:\Technitium\Projects\DnsServer\DnsServerCore\DnsWebService.cs:line 1675
[2026-08-18 17:31:08 UTC] Attempting to revert Web Service end point changes ...
[2026-08-18 17:31:11 UTC] [[::]:5380] [HTTP] Web Service failed to bind.
[2026-08-18 17:31:11 UTC] Web Service failed to start.
System.IO.IOException: Failed to bind to address http://[::]:5380: address already in use.
 ---> Microsoft.AspNetCore.Connections.AddressInUseException: Address in use
 ---> System.Net.Sockets.SocketException (98): Address in use
   at System.Net.Sockets.Socket.UpdateStatusAfterSocketErrorAndThrowException(SocketError error, Boolean disconnectOnFailure, String callerName)
   at System.Net.Sockets.Socket.DoBind(EndPoint endPointSnapshot, SocketAddress socketAddress)
   at System.Net.Sockets.Socket.Bind(EndPoint localEP)
   at Microsoft.AspNetCore.Server.Kestrel.Transport.Sockets.SocketTransportOptions.CreateDefaultBoundListenSocket(EndPoint endpoint)
   at Microsoft.AspNetCore.Server.Kestrel.Transport.Sockets.SocketConnectionListener.Bind()
   --- End of inner exception stack trace ---
   at Microsoft.AspNetCore.Server.Kestrel.Transport.Sockets.SocketConnectionListener.Bind()
   at Microsoft.AspNetCore.Server.Kestrel.Transport.Sockets.SocketTransportFactory.BindAsync(EndPoint endpoint, CancellationToken cancellationToken)
   at Microsoft.AspNetCore.Server.Kestrel.Core.Internal.Infrastructure.TransportManager.BindAsync(EndPoint endPoint, ConnectionDelegate connectionDelegate, EndpointConfig endpointConfig, CancellationToken cancellationToken)
   at Microsoft.AspNetCore.Server.Kestrel.Core.KestrelServerImpl.<>c__DisplayClass28_0`1.<<StartAsync>g__OnBind|0>d.MoveNext()
--- End of stack trace from previous location ---
   at Microsoft.AspNetCore.Server.Kestrel.Core.Internal.AddressBinder.BindEndpointAsync(ListenOptions endpoint, AddressBindContext context, CancellationToken cancellationToken)
   --- End of inner exception stack trace ---
   at Microsoft.AspNetCore.Server.Kestrel.Core.Internal.AddressBinder.BindEndpointAsync(ListenOptions endpoint, AddressBindContext context, CancellationToken cancellationToken)
   at Microsoft.AspNetCore.Server.Kestrel.Core.ListenOptions.BindAsync(AddressBindContext context, CancellationToken cancellationToken)
   at Microsoft.AspNetCore.Server.Kestrel.Core.Internal.AddressBinder.EndpointsStrategy.BindAsync(AddressBindContext context, CancellationToken cancellationToken)
   at Microsoft.AspNetCore.Server.Kestrel.Core.KestrelServerImpl.BindAsync(CancellationToken cancellationToken)
   at Microsoft.AspNetCore.Server.Kestrel.Core.KestrelServerImpl.StartAsync[TContext](IHttpApplication`1 application, CancellationToken cancellationToken)
   at Microsoft.AspNetCore.Hosting.GenericWebHostService.StartAsync(CancellationToken cancellationToken)
   at Microsoft.Extensions.Hosting.Internal.Host.<StartAsync>b__14_1(IHostedService service, CancellationToken token)
   at Microsoft.Extensions.Hosting.Internal.Host.ForeachService[T](IEnumerable`1 services, CancellationToken token, Boolean concurrent, Boolean abortOnFirstException, List`1 exceptions, Func`3 operation)
   at Microsoft.Extensions.Hosting.Internal.Host.StartAsync(CancellationToken cancellationToken)
   at DnsServerCore.DnsWebService.StartWebServiceAsync(Boolean httpOnlyMode) in Z:\Technitium\Projects\DnsServer\DnsServerCore\DnsWebService.cs:line 1986
   at DnsServerCore.DnsWebService.StartWebServiceAsync(Boolean httpOnlyMode)
   at DnsServerCore.DnsWebService.TryStartWebServiceAsync(IReadOnlyList`1 oldWebServiceLocalAddresses, Int32 oldWebServiceHttpPort, Int32 oldWebServiceTlsPort) in Z:\Technitium\Projects\DnsServer\DnsServerCore\DnsWebService.cs:line 1691
[2026-08-18 17:31:11 UTC] Attempting to start Web Service on ANY (0.0.0.0) fallback address...
[2026-08-18 17:31:11 UTC] [0.0.0.0:5380] [HTTP] Web Service failed to bind.
[2026-08-18 17:31:11 UTC] Web Service failed to start.
System.IO.IOException: Failed to bind to address http://0.0.0.0:5380: address already in use.
 ---> Microsoft.AspNetCore.Connections.AddressInUseException: Address in use
 ---> System.Net.Sockets.SocketException (98): Address in use
   at System.Net.Sockets.Socket.UpdateStatusAfterSocketErrorAndThrowException(SocketError error, Boolean disconnectOnFailure, String callerName)
   at System.Net.Sockets.Socket.DoBind(EndPoint endPointSnapshot, SocketAddress socketAddress)
   at System.Net.Sockets.Socket.Bind(EndPoint localEP)
   at Microsoft.AspNetCore.Server.Kestrel.Transport.Sockets.SocketTransportOptions.CreateDefaultBoundListenSocket(EndPoint endpoint)
   at Microsoft.AspNetCore.Server.Kestrel.Transport.Sockets.SocketConnectionListener.Bind()
   --- End of inner exception stack trace ---
   at Microsoft.AspNetCore.Server.Kestrel.Transport.Sockets.SocketConnectionListener.Bind()
   at Microsoft.AspNetCore.Server.Kestrel.Transport.Sockets.SocketTransportFactory.BindAsync(EndPoint endpoint, CancellationToken cancellationToken)
   at Microsoft.AspNetCore.Server.Kestrel.Core.Internal.Infrastructure.TransportManager.BindAsync(EndPoint endPoint, ConnectionDelegate connectionDelegate, EndpointConfig endpointConfig, CancellationToken cancellationToken)
   at Microsoft.AspNetCore.Server.Kestrel.Core.KestrelServerImpl.<>c__DisplayClass28_0`1.<<StartAsync>g__OnBind|0>d.MoveNext()
--- End of stack trace from previous location ---
   at Microsoft.AspNetCore.Server.Kestrel.Core.Internal.AddressBinder.BindEndpointAsync(ListenOptions endpoint, AddressBindContext context, CancellationToken cancellationToken)
   --- End of inner exception stack trace ---
   at Microsoft.AspNetCore.Server.Kestrel.Core.Internal.AddressBinder.BindEndpointAsync(ListenOptions endpoint, AddressBindContext context, CancellationToken cancellationToken)
   at Microsoft.AspNetCore.Server.Kestrel.Core.ListenOptions.BindAsync(AddressBindContext context, CancellationToken cancellationToken)
   at Microsoft.AspNetCore.Server.Kestrel.Core.Internal.AddressBinder.EndpointsStrategy.BindAsync(AddressBindContext context, CancellationToken cancellationToken)
   at Microsoft.AspNetCore.Server.Kestrel.Core.KestrelServerImpl.BindAsync(CancellationToken cancellationToken)
   at Microsoft.AspNetCore.Server.Kestrel.Core.KestrelServerImpl.StartAsync[TContext](IHttpApplication`1 application, CancellationToken cancellationToken)
   at Microsoft.AspNetCore.Hosting.GenericWebHostService.StartAsync(CancellationToken cancellationToken)
   at Microsoft.Extensions.Hosting.Internal.Host.<StartAsync>b__14_1(IHostedService service, CancellationToken token)
   at Microsoft.Extensions.Hosting.Internal.Host.ForeachService[T](IEnumerable`1 services, CancellationToken token, Boolean concurrent, Boolean abortOnFirstException, List`1 exceptions, Func`3 operation)
   at Microsoft.Extensions.Hosting.Internal.Host.StartAsync(CancellationToken cancellationToken)
   at DnsServerCore.DnsWebService.StartWebServiceAsync(Boolean httpOnlyMode) in Z:\Technitium\Projects\DnsServer\DnsServerCore\DnsWebService.cs:line 1986
   at DnsServerCore.DnsWebService.StartWebServiceAsync(Boolean httpOnlyMode)
   at DnsServerCore.DnsWebService.TryStartWebServiceAsync(IReadOnlyList`1 oldWebServiceLocalAddresses, Int32 oldWebServiceHttpPort, Int32 oldWebServiceTlsPort) in Z:\Technitium\Projects\DnsServer\DnsServerCore\DnsWebService.cs:line 1711
[2026-08-18 17:31:11 UTC] Attempting to start Web Service on loopback (127.0.0.1) fallback address...
[2026-08-18 17:31:12 UTC] [127.0.0.1:5380] [HTTP] Web Service failed to bind.
[2026-08-18 17:31:12 UTC] Failed to start DNS Server (v15.4.0.0).
System.IO.IOException: Failed to bind to address http://127.0.0.1:5380: address already in use.
 ---> Microsoft.AspNetCore.Connections.AddressInUseException: Address in use
 ---> System.Net.Sockets.SocketException (98): Address in use
   at System.Net.Sockets.Socket.UpdateStatusAfterSocketErrorAndThrowException(SocketError error, Boolean disconnectOnFailure, String callerName)
   at System.Net.Sockets.Socket.DoBind(EndPoint endPointSnapshot, SocketAddress socketAddress)
   at System.Net.Sockets.Socket.Bind(EndPoint localEP)
   at Microsoft.AspNetCore.Server.Kestrel.Transport.Sockets.SocketTransportOptions.CreateDefaultBoundListenSocket(EndPoint endpoint)
   at Microsoft.AspNetCore.Server.Kestrel.Transport.Sockets.SocketConnectionListener.Bind()
   --- End of inner exception stack trace ---
   at Microsoft.AspNetCore.Server.Kestrel.Transport.Sockets.SocketConnectionListener.Bind()
   at Microsoft.AspNetCore.Server.Kestrel.Transport.Sockets.SocketTransportFactory.BindAsync(EndPoint endpoint, CancellationToken cancellationToken)
   at Microsoft.AspNetCore.Server.Kestrel.Core.Internal.Infrastructure.TransportManager.BindAsync(EndPoint endPoint, ConnectionDelegate connectionDelegate, EndpointConfig endpointConfig, CancellationToken cancellationToken)
   at Microsoft.AspNetCore.Server.Kestrel.Core.KestrelServerImpl.<>c__DisplayClass28_0`1.<<StartAsync>g__OnBind|0>d.MoveNext()
--- End of stack trace from previous location ---
   at Microsoft.AspNetCore.Server.Kestrel.Core.Internal.AddressBinder.BindEndpointAsync(ListenOptions endpoint, AddressBindContext context, CancellationToken cancellationToken)
   --- End of inner exception stack trace ---
   at Microsoft.AspNetCore.Server.Kestrel.Core.Internal.AddressBinder.BindEndpointAsync(ListenOptions endpoint, AddressBindContext context, CancellationToken cancellationToken)
   at Microsoft.AspNetCore.Server.Kestrel.Core.ListenOptions.BindAsync(AddressBindContext context, CancellationToken cancellationToken)
   at Microsoft.AspNetCore.Server.Kestrel.Core.Internal.AddressBinder.EndpointsStrategy.BindAsync(AddressBindContext context, CancellationToken cancellationToken)
   at Microsoft.AspNetCore.Server.Kestrel.Core.KestrelServerImpl.BindAsync(CancellationToken cancellationToken)
   at Microsoft.AspNetCore.Server.Kestrel.Core.KestrelServerImpl.StartAsync[TContext](IHttpApplication`1 application, CancellationToken cancellationToken)
   at Microsoft.AspNetCore.Hosting.GenericWebHostService.StartAsync(CancellationToken cancellationToken)
   at Microsoft.Extensions.Hosting.Internal.Host.<StartAsync>b__14_1(IHostedService service, CancellationToken token)
   at Microsoft.Extensions.Hosting.Internal.Host.ForeachService[T](IEnumerable`1 services, CancellationToken token, Boolean concurrent, Boolean abortOnFirstException, List`1 exceptions, Func`3 operation)
   at Microsoft.Extensions.Hosting.Internal.Host.StartAsync(CancellationToken cancellationToken)
   at DnsServerCore.DnsWebService.StartWebServiceAsync(Boolean httpOnlyMode) in Z:\Technitium\Projects\DnsServer\DnsServerCore\DnsWebService.cs:line 1986
   at DnsServerCore.DnsWebService.StartWebServiceAsync(Boolean httpOnlyMode)
   at DnsServerCore.DnsWebService.TryStartWebServiceAsync(IReadOnlyList`1 oldWebServiceLocalAddresses, Int32 oldWebServiceHttpPort, Int32 oldWebServiceTlsPort) in Z:\Technitium\Projects\DnsServer\DnsServerCore\DnsWebService.cs:line 1723
   at DnsServerCore.DnsWebService.StartAsync(Boolean throwIfBindFails) in Z:\Technitium\Projects\DnsServer\DnsServerCore\DnsWebService.cs:line 2949
[2026-08-18 17:31:12 UTC] DNS Server auth config file was saved: /etc/dns/auth.config
[2026-08-18 17:31:13 UTC] Logging stopped.
[2026-08-18 17:31:31 UTC] Logging started.
[2026-08-18 17:31:33 UTC] DNS Server auth config file was loaded: /etc/dns/auth.config
[2026-08-18 17:31:44 UTC] Web Service config file was loaded: /etc/dns/webservice.config
[2026-08-18 17:31:45 UTC] DNS Server config file was loaded: /etc/dns/dns.config
[2026-08-18 17:31:46 UTC] DNS Server allowed zone file was loaded: /etc/dns/allowed.config
[2026-08-18 17:31:46 UTC] DNS Server blocked zone file was loaded: /etc/dns/blocked.config
[2026-08-18 17:31:46 UTC] DNS Server block list config file was loaded: /etc/dns/blocklist.config
[2026-08-18 17:31:51 UTC] DNS Server auth config file was saved: /etc/dns/auth.config
[2026-08-18 17:31:57 UTC] [[::]:5380] [HTTP] Web Service failed to bind.
[2026-08-18 17:31:58 UTC] Web Service failed to start.
System.IO.IOException: Failed to bind to address http://[::]:5380: address already in use.
 ---> Microsoft.AspNetCore.Connections.AddressInUseException: Address in use
 ---> System.Net.Sockets.SocketException (98): Address in use
   at System.Net.Sockets.Socket.UpdateStatusAfterSocketErrorAndThrowException(SocketError error, Boolean disconnectOnFailure, String callerName)
   at System.Net.Sockets.Socket.DoBind(EndPoint endPointSnapshot, SocketAddress socketAddress)
   at System.Net.Sockets.Socket.Bind(EndPoint localEP)
   at Microsoft.AspNetCore.Server.Kestrel.Transport.Sockets.SocketTransportOptions.CreateDefaultBoundListenSocket(EndPoint endpoint)
   at Microsoft.AspNetCore.Server.Kestrel.Transport.Sockets.SocketConnectionListener.Bind()
   --- End of inner exception stack trace ---
   at Microsoft.AspNetCore.Server.Kestrel.Transport.Sockets.SocketConnectionListener.Bind()
   at Microsoft.AspNetCore.Server.Kestrel.Transport.Sockets.SocketTransportFactory.BindAsync(EndPoint endpoint, CancellationToken cancellationToken)
   at Microsoft.AspNetCore.Server.Kestrel.Core.Internal.Infrastructure.TransportManager.BindAsync(EndPoint endPoint, ConnectionDelegate connectionDelegate, EndpointConfig endpointConfig, CancellationToken cancellationToken)
   at Microsoft.AspNetCore.Server.Kestrel.Core.KestrelServerImpl.<>c__DisplayClass28_0`1.<<StartAsync>g__OnBind|0>d.MoveNext()
--- End of stack trace from previous location ---
   at Microsoft.AspNetCore.Server.Kestrel.Core.Internal.AddressBinder.BindEndpointAsync(ListenOptions endpoint, AddressBindContext context, CancellationToken cancellationToken)
   --- End of inner exception stack trace ---
   at Microsoft.AspNetCore.Server.Kestrel.Core.Internal.AddressBinder.BindEndpointAsync(ListenOptions endpoint, AddressBindContext context, CancellationToken cancellationToken)
   at Microsoft.AspNetCore.Server.Kestrel.Core.ListenOptions.BindAsync(AddressBindContext context, CancellationToken cancellationToken)
   at Microsoft.AspNetCore.Server.Kestrel.Core.Internal.AddressBinder.EndpointsStrategy.BindAsync(AddressBindContext context, CancellationToken cancellationToken)
   at Microsoft.AspNetCore.Server.Kestrel.Core.KestrelServerImpl.BindAsync(CancellationToken cancellationToken)
   at Microsoft.AspNetCore.Server.Kestrel.Core.KestrelServerImpl.StartAsync[TContext](IHttpApplication`1 application, CancellationToken cancellationToken)
   at Microsoft.AspNetCore.Hosting.GenericWebHostService.StartAsync(CancellationToken cancellationToken)
   at Microsoft.Extensions.Hosting.Internal.Host.<StartAsync>b__14_1(IHostedService service, CancellationToken token)
   at Microsoft.Extensions.Hosting.Internal.Host.ForeachService[T](IEnumerable`1 services, CancellationToken token, Boolean concurrent, Boolean abortOnFirstException, List`1 exceptions, Func`3 operation)
   at Microsoft.Extensions.Hosting.Internal.Host.StartAsync(CancellationToken cancellationToken)
   at DnsServerCore.DnsWebService.StartWebServiceAsync(Boolean httpOnlyMode) in Z:\Technitium\Projects\DnsServer\DnsServerCore\DnsWebService.cs:line 1986
   at DnsServerCore.DnsWebService.StartWebServiceAsync(Boolean httpOnlyMode)
   at DnsServerCore.DnsWebService.TryStartWebServiceAsync(IReadOnlyList`1 oldWebServiceLocalAddresses, Int32 oldWebServiceHttpPort, Int32 oldWebServiceTlsPort) in Z:\Technitium\Projects\DnsServer\DnsServerCore\DnsWebService.cs:line 1675
[2026-08-18 17:31:58 UTC] Attempting to revert Web Service end point changes ...
[2026-08-18 17:32:01 UTC] [[::]:5380] [HTTP] Web Service failed to bind.
[2026-08-18 17:32:01 UTC] Web Service failed to start.
System.IO.IOException: Failed to bind to address http://[::]:5380: address already in use.
 ---> Microsoft.AspNetCore.Connections.AddressInUseException: Address in use
 ---> System.Net.Sockets.SocketException (98): Address in use
   at System.Net.Sockets.Socket.UpdateStatusAfterSocketErrorAndThrowException(SocketError error, Boolean disconnectOnFailure, String callerName)
   at System.Net.Sockets.Socket.DoBind(EndPoint endPointSnapshot, SocketAddress socketAddress)
   at System.Net.Sockets.Socket.Bind(EndPoint localEP)
   at Microsoft.AspNetCore.Server.Kestrel.Transport.Sockets.SocketTransportOptions.CreateDefaultBoundListenSocket(EndPoint endpoint)
   at Microsoft.AspNetCore.Server.Kestrel.Transport.Sockets.SocketConnectionListener.Bind()
   --- End of inner exception stack trace ---
   at Microsoft.AspNetCore.Server.Kestrel.Transport.Sockets.SocketConnectionListener.Bind()
   at Microsoft.AspNetCore.Server.Kestrel.Transport.Sockets.SocketTransportFactory.BindAsync(EndPoint endpoint, CancellationToken cancellationToken)
   at Microsoft.AspNetCore.Server.Kestrel.Core.Internal.Infrastructure.TransportManager.BindAsync(EndPoint endPoint, ConnectionDelegate connectionDelegate, EndpointConfig endpointConfig, CancellationToken cancellationToken)
   at Microsoft.AspNetCore.Server.Kestrel.Core.KestrelServerImpl.<>c__DisplayClass28_0`1.<<StartAsync>g__OnBind|0>d.MoveNext()
--- End of stack trace from previous location ---
   at Microsoft.AspNetCore.Server.Kestrel.Core.Internal.AddressBinder.BindEndpointAsync(ListenOptions endpoint, AddressBindContext context, CancellationToken cancellationToken)
   --- End of inner exception stack trace ---
   at Microsoft.AspNetCore.Server.Kestrel.Core.Internal.AddressBinder.BindEndpointAsync(ListenOptions endpoint, AddressBindContext context, CancellationToken cancellationToken)
   at Microsoft.AspNetCore.Server.Kestrel.Core.ListenOptions.BindAsync(AddressBindContext context, CancellationToken cancellationToken)
   at Microsoft.AspNetCore.Server.Kestrel.Core.Internal.AddressBinder.EndpointsStrategy.BindAsync(AddressBindContext context, CancellationToken cancellationToken)
   at Microsoft.AspNetCore.Server.Kestrel.Core.KestrelServerImpl.BindAsync(CancellationToken cancellationToken)
   at Microsoft.AspNetCore.Server.Kestrel.Core.KestrelServerImpl.StartAsync[TContext](IHttpApplication`1 application, CancellationToken cancellationToken)
   at Microsoft.AspNetCore.Hosting.GenericWebHostService.StartAsync(CancellationToken cancellationToken)
   at Microsoft.Extensions.Hosting.Internal.Host.<StartAsync>b__14_1(IHostedService service, CancellationToken token)
   at Microsoft.Extensions.Hosting.Internal.Host.ForeachService[T](IEnumerable`1 services, CancellationToken token, Boolean concurrent, Boolean abortOnFirstException, List`1 exceptions, Func`3 operation)
   at Microsoft.Extensions.Hosting.Internal.Host.StartAsync(CancellationToken cancellationToken)
   at DnsServerCore.DnsWebService.StartWebServiceAsync(Boolean httpOnlyMode) in Z:\Technitium\Projects\DnsServer\DnsServerCore\DnsWebService.cs:line 1986
   at DnsServerCore.DnsWebService.StartWebServiceAsync(Boolean httpOnlyMode)
   at DnsServerCore.DnsWebService.TryStartWebServiceAsync(IReadOnlyList`1 oldWebServiceLocalAddresses, Int32 oldWebServiceHttpPort, Int32 oldWebServiceTlsPort) in Z:\Technitium\Projects\DnsServer\DnsServerCore\DnsWebService.cs:line 1691
[2026-08-18 17:32:01 UTC] Attempting to start Web Service on ANY (0.0.0.0) fallback address...
[2026-08-18 17:32:01 UTC] [0.0.0.0:5380] [HTTP] Web Service failed to bind.
[2026-08-18 17:32:01 UTC] Web Service failed to start.
System.IO.IOException: Failed to bind to address http://0.0.0.0:5380: address already in use.
 ---> Microsoft.AspNetCore.Connections.AddressInUseException: Address in use
 ---> System.Net.Sockets.SocketException (98): Address in use
   at System.Net.Sockets.Socket.UpdateStatusAfterSocketErrorAndThrowException(SocketError error, Boolean disconnectOnFailure, String callerName)
   at System.Net.Sockets.Socket.DoBind(EndPoint endPointSnapshot, SocketAddress socketAddress)
   at System.Net.Sockets.Socket.Bind(EndPoint localEP)
   at Microsoft.AspNetCore.Server.Kestrel.Transport.Sockets.SocketTransportOptions.CreateDefaultBoundListenSocket(EndPoint endpoint)
   at Microsoft.AspNetCore.Server.Kestrel.Transport.Sockets.SocketConnectionListener.Bind()
   --- End of inner exception stack trace ---
   at Microsoft.AspNetCore.Server.Kestrel.Transport.Sockets.SocketConnectionListener.Bind()
   at Microsoft.AspNetCore.Server.Kestrel.Transport.Sockets.SocketTransportFactory.BindAsync(EndPoint endpoint, CancellationToken cancellationToken)
   at Microsoft.AspNetCore.Server.Kestrel.Core.Internal.Infrastructure.TransportManager.BindAsync(EndPoint endPoint, ConnectionDelegate connectionDelegate, EndpointConfig endpointConfig, CancellationToken cancellationToken)
   at Microsoft.AspNetCore.Server.Kestrel.Core.KestrelServerImpl.<>c__DisplayClass28_0`1.<<StartAsync>g__OnBind|0>d.MoveNext()
--- End of stack trace from previous location ---
   at Microsoft.AspNetCore.Server.Kestrel.Core.Internal.AddressBinder.BindEndpointAsync(ListenOptions endpoint, AddressBindContext context, CancellationToken cancellationToken)
   --- End of inner exception stack trace ---
   at Microsoft.AspNetCore.Server.Kestrel.Core.Internal.AddressBinder.BindEndpointAsync(ListenOptions endpoint, AddressBindContext context, CancellationToken cancellationToken)
   at Microsoft.AspNetCore.Server.Kestrel.Core.ListenOptions.BindAsync(AddressBindContext context, CancellationToken cancellationToken)
   at Microsoft.AspNetCore.Server.Kestrel.Core.Internal.AddressBinder.EndpointsStrategy.BindAsync(AddressBindContext context, CancellationToken cancellationToken)
   at Microsoft.AspNetCore.Server.Kestrel.Core.KestrelServerImpl.BindAsync(CancellationToken cancellationToken)
   at Microsoft.AspNetCore.Server.Kestrel.Core.KestrelServerImpl.StartAsync[TContext](IHttpApplication`1 application, CancellationToken cancellationToken)
   at Microsoft.AspNetCore.Hosting.GenericWebHostService.StartAsync(CancellationToken cancellationToken)
   at Microsoft.Extensions.Hosting.Internal.Host.<StartAsync>b__14_1(IHostedService service, CancellationToken token)
   at Microsoft.Extensions.Hosting.Internal.Host.ForeachService[T](IEnumerable`1 services, CancellationToken token, Boolean concurrent, Boolean abortOnFirstException, List`1 exceptions, Func`3 operation)
   at Microsoft.Extensions.Hosting.Internal.Host.StartAsync(CancellationToken cancellationToken)
   at DnsServerCore.DnsWebService.StartWebServiceAsync(Boolean httpOnlyMode) in Z:\Technitium\Projects\DnsServer\DnsServerCore\DnsWebService.cs:line 1986
   at DnsServerCore.DnsWebService.StartWebServiceAsync(Boolean httpOnlyMode)
   at DnsServerCore.DnsWebService.TryStartWebServiceAsync(IReadOnlyList`1 oldWebServiceLocalAddresses, Int32 oldWebServiceHttpPort, Int32 oldWebServiceTlsPort) in Z:\Technitium\Projects\DnsServer\DnsServerCore\DnsWebService.cs:line 1711
[2026-08-18 17:32:01 UTC] Attempting to start Web Service on loopback (127.0.0.1) fallback address...
[2026-08-18 17:32:02 UTC] [127.0.0.1:5380] [HTTP] Web Service failed to bind.
[2026-08-18 17:32:02 UTC] Failed to start DNS Server (v15.4.0.0).
System.IO.IOException: Failed to bind to address http://127.0.0.1:5380: address already in use.
 ---> Microsoft.AspNetCore.Connections.AddressInUseException: Address in use
 ---> System.Net.Sockets.SocketException (98): Address in use
   at System.Net.Sockets.Socket.UpdateStatusAfterSocketErrorAndThrowException(SocketError error, Boolean disconnectOnFailure, String callerName)
   at System.Net.Sockets.Socket.DoBind(EndPoint endPointSnapshot, SocketAddress socketAddress)
   at System.Net.Sockets.Socket.Bind(EndPoint localEP)
   at Microsoft.AspNetCore.Server.Kestrel.Transport.Sockets.SocketTransportOptions.CreateDefaultBoundListenSocket(EndPoint endpoint)
   at Microsoft.AspNetCore.Server.Kestrel.Transport.Sockets.SocketConnectionListener.Bind()
   --- End of inner exception stack trace ---
   at Microsoft.AspNetCore.Server.Kestrel.Transport.Sockets.SocketConnectionListener.Bind()
   at Microsoft.AspNetCore.Server.Kestrel.Transport.Sockets.SocketTransportFactory.BindAsync(EndPoint endpoint, CancellationToken cancellationToken)
   at Microsoft.AspNetCore.Server.Kestrel.Core.Internal.Infrastructure.TransportManager.BindAsync(EndPoint endPoint, ConnectionDelegate connectionDelegate, EndpointConfig endpointConfig, CancellationToken cancellationToken)
   at Microsoft.AspNetCore.Server.Kestrel.Core.KestrelServerImpl.<>c__DisplayClass28_0`1.<<StartAsync>g__OnBind|0>d.MoveNext()
--- End of stack trace from previous location ---
   at Microsoft.AspNetCore.Server.Kestrel.Core.Internal.AddressBinder.BindEndpointAsync(ListenOptions endpoint, AddressBindContext context, CancellationToken cancellationToken)
   --- End of inner exception stack trace ---
   at Microsoft.AspNetCore.Server.Kestrel.Core.Internal.AddressBinder.BindEndpointAsync(ListenOptions endpoint, AddressBindContext context, CancellationToken cancellationToken)
   at Microsoft.AspNetCore.Server.Kestrel.Core.ListenOptions.BindAsync(AddressBindContext context, CancellationToken cancellationToken)
   at Microsoft.AspNetCore.Server.Kestrel.Core.Internal.AddressBinder.EndpointsStrategy.BindAsync(AddressBindContext context, CancellationToken cancellationToken)
   at Microsoft.AspNetCore.Server.Kestrel.Core.KestrelServerImpl.BindAsync(CancellationToken cancellationToken)
   at Microsoft.AspNetCore.Server.Kestrel.Core.KestrelServerImpl.StartAsync[TContext](IHttpApplication`1 application, CancellationToken cancellationToken)
   at Microsoft.AspNetCore.Hosting.GenericWebHostService.StartAsync(CancellationToken cancellationToken)
   at Microsoft.Extensions.Hosting.Internal.Host.<StartAsync>b__14_1(IHostedService service, CancellationToken token)
   at Microsoft.Extensions.Hosting.Internal.Host.ForeachService[T](IEnumerable`1 services, CancellationToken token, Boolean concurrent, Boolean abortOnFirstException, List`1 exceptions, Func`3 operation)
   at Microsoft.Extensions.Hosting.Internal.Host.StartAsync(CancellationToken cancellationToken)
   at DnsServerCore.DnsWebService.StartWebServiceAsync(Boolean httpOnlyMode) in Z:\Technitium\Projects\DnsServer\DnsServerCore\DnsWebService.cs:line 1986
   at DnsServerCore.DnsWebService.StartWebServiceAsync(Boolean httpOnlyMode)
   at DnsServerCore.DnsWebService.TryStartWebServiceAsync(IReadOnlyList`1 oldWebServiceLocalAddresses, Int32 oldWebServiceHttpPort, Int32 oldWebServiceTlsPort) in Z:\Technitium\Projects\DnsServer\DnsServerCore\DnsWebService.cs:line 1723
   at DnsServerCore.DnsWebService.StartAsync(Boolean throwIfBindFails) in Z:\Technitium\Projects\DnsServer\DnsServerCore\DnsWebService.cs:line 2949
[2026-08-18 17:32:02 UTC] DNS Server auth config file was saved: /etc/dns/auth.config
[2026-08-18 17:32:02 UTC] Logging stopped.
[2026-08-18 17:32:20 UTC] Logging started.
[2026-08-18 17:32:22 UTC] DNS Server auth config file was loaded: /etc/dns/auth.config
[2026-08-18 17:32:33 UTC] Web Service config file was loaded: /etc/dns/webservice.config
[2026-08-18 17:32:34 UTC] DNS Server config file was loaded: /etc/dns/dns.config
[2026-08-18 17:32:35 UTC] DNS Server allowed zone file was loaded: /etc/dns/allowed.config
[2026-08-18 17:32:35 UTC] DNS Server blocked zone file was loaded: /etc/dns/blocked.config
[2026-08-18 17:32:35 UTC] DNS Server block list config file was loaded: /etc/dns/blocklist.config
[2026-08-18 17:32:41 UTC] DNS Server auth config file was saved: /etc/dns/auth.config
[2026-08-18 17:32:46 UTC] [[::]:5380] [HTTP] Web Service failed to bind.
[2026-08-18 17:32:48 UTC] Web Service failed to start.
System.IO.IOException: Failed to bind to address http://[::]:5380: address already in use.
 ---> Microsoft.AspNetCore.Connections.AddressInUseException: Address in use
 ---> System.Net.Sockets.SocketException (98): Address in use
   at System.Net.Sockets.Socket.UpdateStatusAfterSocketErrorAndThrowException(SocketError error, Boolean disconnectOnFailure, String callerName)
   at System.Net.Sockets.Socket.DoBind(EndPoint endPointSnapshot, SocketAddress socketAddress)
   at System.Net.Sockets.Socket.Bind(EndPoint localEP)
   at Microsoft.AspNetCore.Server.Kestrel.Transport.Sockets.SocketTransportOptions.CreateDefaultBoundListenSocket(EndPoint endpoint)
   at Microsoft.AspNetCore.Server.Kestrel.Transport.Sockets.SocketConnectionListener.Bind()
   --- End of inner exception stack trace ---
   at Microsoft.AspNetCore.Server.Kestrel.Transport.Sockets.SocketConnectionListener.Bind()
   at Microsoft.AspNetCore.Server.Kestrel.Transport.Sockets.SocketTransportFactory.BindAsync(EndPoint endpoint, CancellationToken cancellationToken)
   at Microsoft.AspNetCore.Server.Kestrel.Core.Internal.Infrastructure.TransportManager.BindAsync(EndPoint endPoint, ConnectionDelegate connectionDelegate, EndpointConfig endpointConfig, CancellationToken cancellationToken)
   at Microsoft.AspNetCore.Server.Kestrel.Core.KestrelServerImpl.<>c__DisplayClass28_0`1.<<StartAsync>g__OnBind|0>d.MoveNext()
--- End of stack trace from previous location ---
   at Microsoft.AspNetCore.Server.Kestrel.Core.Internal.AddressBinder.BindEndpointAsync(ListenOptions endpoint, AddressBindContext context, CancellationToken cancellationToken)
   --- End of inner exception stack trace ---
   at Microsoft.AspNetCore.Server.Kestrel.Core.Internal.AddressBinder.BindEndpointAsync(ListenOptions endpoint, AddressBindContext context, CancellationToken cancellationToken)
   at Microsoft.AspNetCore.Server.Kestrel.Core.ListenOptions.BindAsync(AddressBindContext context, CancellationToken cancellationToken)
   at Microsoft.AspNetCore.Server.Kestrel.Core.Internal.AddressBinder.EndpointsStrategy.BindAsync(AddressBindContext context, CancellationToken cancellationToken)
   at Microsoft.AspNetCore.Server.Kestrel.Core.KestrelServerImpl.BindAsync(CancellationToken cancellationToken)
   at Microsoft.AspNetCore.Server.Kestrel.Core.KestrelServerImpl.StartAsync[TContext](IHttpApplication`1 application, CancellationToken cancellationToken)
   at Microsoft.AspNetCore.Hosting.GenericWebHostService.StartAsync(CancellationToken cancellationToken)
   at Microsoft.Extensions.Hosting.Internal.Host.<StartAsync>b__14_1(IHostedService service, CancellationToken token)
   at Microsoft.Extensions.Hosting.Internal.Host.ForeachService[T](IEnumerable`1 services, CancellationToken token, Boolean concurrent, Boolean abortOnFirstException, List`1 exceptions, Func`3 operation)
   at Microsoft.Extensions.Hosting.Internal.Host.StartAsync(CancellationToken cancellationToken)
   at DnsServerCore.DnsWebService.StartWebServiceAsync(Boolean httpOnlyMode) in Z:\Technitium\Projects\DnsServer\DnsServerCore\DnsWebService.cs:line 1986
   at DnsServerCore.DnsWebService.StartWebServiceAsync(Boolean httpOnlyMode)
   at DnsServerCore.DnsWebService.TryStartWebServiceAsync(IReadOnlyList`1 oldWebServiceLocalAddresses, Int32 oldWebServiceHttpPort, Int32 oldWebServiceTlsPort) in Z:\Technitium\Projects\DnsServer\DnsServerCore\DnsWebService.cs:line 1675
[2026-08-18 17:32:48 UTC] Attempting to revert Web Service end point changes ...
[2026-08-18 17:32:50 UTC] [[::]:5380] [HTTP] Web Service failed to bind.
[2026-08-18 17:32:50 UTC] Web Service failed to start.
System.IO.IOException: Failed to bind to address http://[::]:5380: address already in use.
 ---> Microsoft.AspNetCore.Connections.AddressInUseException: Address in use
 ---> System.Net.Sockets.SocketException (98): Address in use
   at System.Net.Sockets.Socket.UpdateStatusAfterSocketErrorAndThrowException(SocketError error, Boolean disconnectOnFailure, String callerName)
   at System.Net.Sockets.Socket.DoBind(EndPoint endPointSnapshot, SocketAddress socketAddress)
   at System.Net.Sockets.Socket.Bind(EndPoint localEP)
   at Microsoft.AspNetCore.Server.Kestrel.Transport.Sockets.SocketTransportOptions.CreateDefaultBoundListenSocket(EndPoint endpoint)
   at Microsoft.AspNetCore.Server.Kestrel.Transport.Sockets.SocketConnectionListener.Bind()
   --- End of inner exception stack trace ---
   at Microsoft.AspNetCore.Server.Kestrel.Transport.Sockets.SocketConnectionListener.Bind()
   at Microsoft.AspNetCore.Server.Kestrel.Transport.Sockets.SocketTransportFactory.BindAsync(EndPoint endpoint, CancellationToken cancellationToken)
   at Microsoft.AspNetCore.Server.Kestrel.Core.Internal.Infrastructure.TransportManager.BindAsync(EndPoint endPoint, ConnectionDelegate connectionDelegate, EndpointConfig endpointConfig, CancellationToken cancellationToken)
   at Microsoft.AspNetCore.Server.Kestrel.Core.KestrelServerImpl.<>c__DisplayClass28_0`1.<<StartAsync>g__OnBind|0>d.MoveNext()
--- End of stack trace from previous location ---
   at Microsoft.AspNetCore.Server.Kestrel.Core.Internal.AddressBinder.BindEndpointAsync(ListenOptions endpoint, AddressBindContext context, CancellationToken cancellationToken)
   --- End of inner exception stack trace ---
   at Microsoft.AspNetCore.Server.Kestrel.Core.Internal.AddressBinder.BindEndpointAsync(ListenOptions endpoint, AddressBindContext context, CancellationToken cancellationToken)
   at Microsoft.AspNetCore.Server.Kestrel.Core.ListenOptions.BindAsync(AddressBindContext context, CancellationToken cancellationToken)
   at Microsoft.AspNetCore.Server.Kestrel.Core.Internal.AddressBinder.EndpointsStrategy.BindAsync(AddressBindContext context, CancellationToken cancellationToken)
   at Microsoft.AspNetCore.Server.Kestrel.Core.KestrelServerImpl.BindAsync(CancellationToken cancellationToken)
   at Microsoft.AspNetCore.Server.Kestrel.Core.KestrelServerImpl.StartAsync[TContext](IHttpApplication`1 application, CancellationToken cancellationToken)
   at Microsoft.AspNetCore.Hosting.GenericWebHostService.StartAsync(CancellationToken cancellationToken)
   at Microsoft.Extensions.Hosting.Internal.Host.<StartAsync>b__14_1(IHostedService service, CancellationToken token)
   at Microsoft.Extensions.Hosting.Internal.Host.ForeachService[T](IEnumerable`1 services, CancellationToken token, Boolean concurrent, Boolean abortOnFirstException, List`1 exceptions, Func`3 operation)
   at Microsoft.Extensions.Hosting.Internal.Host.StartAsync(CancellationToken cancellationToken)
   at DnsServerCore.DnsWebService.StartWebServiceAsync(Boolean httpOnlyMode) in Z:\Technitium\Projects\DnsServer\DnsServerCore\DnsWebService.cs:line 1986
   at DnsServerCore.DnsWebService.StartWebServiceAsync(Boolean httpOnlyMode)
   at DnsServerCore.DnsWebService.TryStartWebServiceAsync(IReadOnlyList`1 oldWebServiceLocalAddresses, Int32 oldWebServiceHttpPort, Int32 oldWebServiceTlsPort) in Z:\Technitium\Projects\DnsServer\DnsServerCore\DnsWebService.cs:line 1691
[2026-08-18 17:32:50 UTC] Attempting to start Web Service on ANY (0.0.0.0) fallback address...
[2026-08-18 17:32:51 UTC] [0.0.0.0:5380] [HTTP] Web Service failed to bind.
[2026-08-18 17:32:51 UTC] Web Service failed to start.
System.IO.IOException: Failed to bind to address http://0.0.0.0:5380: address already in use.
 ---> Microsoft.AspNetCore.Connections.AddressInUseException: Address in use
 ---> System.Net.Sockets.SocketException (98): Address in use
   at System.Net.Sockets.Socket.UpdateStatusAfterSocketErrorAndThrowException(SocketError error, Boolean disconnectOnFailure, String callerName)
   at System.Net.Sockets.Socket.DoBind(EndPoint endPointSnapshot, SocketAddress socketAddress)
   at System.Net.Sockets.Socket.Bind(EndPoint localEP)
   at Microsoft.AspNetCore.Server.Kestrel.Transport.Sockets.SocketTransportOptions.CreateDefaultBoundListenSocket(EndPoint endpoint)
   at Microsoft.AspNetCore.Server.Kestrel.Transport.Sockets.SocketConnectionListener.Bind()
   --- End of inner exception stack trace ---
   at Microsoft.AspNetCore.Server.Kestrel.Transport.Sockets.SocketConnectionListener.Bind()
   at Microsoft.AspNetCore.Server.Kestrel.Transport.Sockets.SocketTransportFactory.BindAsync(EndPoint endpoint, CancellationToken cancellationToken)
   at Microsoft.AspNetCore.Server.Kestrel.Core.Internal.Infrastructure.TransportManager.BindAsync(EndPoint endPoint, ConnectionDelegate connectionDelegate, EndpointConfig endpointConfig, CancellationToken cancellationToken)
   at Microsoft.AspNetCore.Server.Kestrel.Core.KestrelServerImpl.<>c__DisplayClass28_0`1.<<StartAsync>g__OnBind|0>d.MoveNext()
--- End of stack trace from previous location ---
   at Microsoft.AspNetCore.Server.Kestrel.Core.Internal.AddressBinder.BindEndpointAsync(ListenOptions endpoint, AddressBindContext context, CancellationToken cancellationToken)
   --- End of inner exception stack trace ---
   at Microsoft.AspNetCore.Server.Kestrel.Core.Internal.AddressBinder.BindEndpointAsync(ListenOptions endpoint, AddressBindContext context, CancellationToken cancellationToken)
   at Microsoft.AspNetCore.Server.Kestrel.Core.ListenOptions.BindAsync(AddressBindContext context, CancellationToken cancellationToken)
   at Microsoft.AspNetCore.Server.Kestrel.Core.Internal.AddressBinder.EndpointsStrategy.BindAsync(AddressBindContext context, CancellationToken cancellationToken)
   at Microsoft.AspNetCore.Server.Kestrel.Core.KestrelServerImpl.BindAsync(CancellationToken cancellationToken)
   at Microsoft.AspNetCore.Server.Kestrel.Core.KestrelServerImpl.StartAsync[TContext](IHttpApplication`1 application, CancellationToken cancellationToken)
   at Microsoft.AspNetCore.Hosting.GenericWebHostService.StartAsync(CancellationToken cancellationToken)
   at Microsoft.Extensions.Hosting.Internal.Host.<StartAsync>b__14_1(IHostedService service, CancellationToken token)
   at Microsoft.Extensions.Hosting.Internal.Host.ForeachService[T](IEnumerable`1 services, CancellationToken token, Boolean concurrent, Boolean abortOnFirstException, List`1 exceptions, Func`3 operation)
   at Microsoft.Extensions.Hosting.Internal.Host.StartAsync(CancellationToken cancellationToken)
   at DnsServerCore.DnsWebService.StartWebServiceAsync(Boolean httpOnlyMode) in Z:\Technitium\Projects\DnsServer\DnsServerCore\DnsWebService.cs:line 1986
   at DnsServerCore.DnsWebService.StartWebServiceAsync(Boolean httpOnlyMode)
   at DnsServerCore.DnsWebService.TryStartWebServiceAsync(IReadOnlyList`1 oldWebServiceLocalAddresses, Int32 oldWebServiceHttpPort, Int32 oldWebServiceTlsPort) in Z:\Technitium\Projects\DnsServer\DnsServerCore\DnsWebService.cs:line 1711
[2026-08-18 17:32:51 UTC] Attempting to start Web Service on loopback (127.0.0.1) fallback address...
[2026-08-18 17:32:51 UTC] [127.0.0.1:5380] [HTTP] Web Service failed to bind.
[2026-08-18 17:32:51 UTC] Failed to start DNS Server (v15.4.0.0).
System.IO.IOException: Failed to bind to address http://127.0.0.1:5380: address already in use.
 ---> Microsoft.AspNetCore.Connections.AddressInUseException: Address in use
 ---> System.Net.Sockets.SocketException (98): Address in use
   at System.Net.Sockets.Socket.UpdateStatusAfterSocketErrorAndThrowException(SocketError error, Boolean disconnectOnFailure, String callerName)
   at System.Net.Sockets.Socket.DoBind(EndPoint endPointSnapshot, SocketAddress socketAddress)
   at System.Net.Sockets.Socket.Bind(EndPoint localEP)
   at Microsoft.AspNetCore.Server.Kestrel.Transport.Sockets.SocketTransportOptions.CreateDefaultBoundListenSocket(EndPoint endpoint)
   at Microsoft.AspNetCore.Server.Kestrel.Transport.Sockets.SocketConnectionListener.Bind()
   --- End of inner exception stack trace ---
   at Microsoft.AspNetCore.Server.Kestrel.Transport.Sockets.SocketConnectionListener.Bind()
   at Microsoft.AspNetCore.Server.Kestrel.Transport.Sockets.SocketTransportFactory.BindAsync(EndPoint endpoint, CancellationToken cancellationToken)
   at Microsoft.AspNetCore.Server.Kestrel.Core.Internal.Infrastructure.TransportManager.BindAsync(EndPoint endPoint, ConnectionDelegate connectionDelegate, EndpointConfig endpointConfig, CancellationToken cancellationToken)
   at Microsoft.AspNetCore.Server.Kestrel.Core.KestrelServerImpl.<>c__DisplayClass28_0`1.<<StartAsync>g__OnBind|0>d.MoveNext()
--- End of stack trace from previous location ---
   at Microsoft.AspNetCore.Server.Kestrel.Core.Internal.AddressBinder.BindEndpointAsync(ListenOptions endpoint, AddressBindContext context, CancellationToken cancellationToken)
   --- End of inner exception stack trace ---
   at Microsoft.AspNetCore.Server.Kestrel.Core.Internal.AddressBinder.BindEndpointAsync(ListenOptions endpoint, AddressBindContext context, CancellationToken cancellationToken)
   at Microsoft.AspNetCore.Server.Kestrel.Core.ListenOptions.BindAsync(AddressBindContext context, CancellationToken cancellationToken)
   at Microsoft.AspNetCore.Server.Kestrel.Core.Internal.AddressBinder.EndpointsStrategy.BindAsync(AddressBindContext context, CancellationToken cancellationToken)
   at Microsoft.AspNetCore.Server.Kestrel.Core.KestrelServerImpl.BindAsync(CancellationToken cancellationToken)
   at Microsoft.AspNetCore.Server.Kestrel.Core.KestrelServerImpl.StartAsync[TContext](IHttpApplication`1 application, CancellationToken cancellationToken)
   at Microsoft.AspNetCore.Hosting.GenericWebHostService.StartAsync(CancellationToken cancellationToken)
   at Microsoft.Extensions.Hosting.Internal.Host.<StartAsync>b__14_1(IHostedService service, CancellationToken token)
   at Microsoft.Extensions.Hosting.Internal.Host.ForeachService[T](IEnumerable`1 services, CancellationToken token, Boolean concurrent, Boolean abortOnFirstException, List`1 exceptions, Func`3 operation)
   at Microsoft.Extensions.Hosting.Internal.Host.StartAsync(CancellationToken cancellationToken)
   at DnsServerCore.DnsWebService.StartWebServiceAsync(Boolean httpOnlyMode) in Z:\Technitium\Projects\DnsServer\DnsServerCore\DnsWebService.cs:line 1986
   at DnsServerCore.DnsWebService.StartWebServiceAsync(Boolean httpOnlyMode)
   at DnsServerCore.DnsWebService.TryStartWebServiceAsync(IReadOnlyList`1 oldWebServiceLocalAddresses, Int32 oldWebServiceHttpPort, Int32 oldWebServiceTlsPort) in Z:\Technitium\Projects\DnsServer\DnsServerCore\DnsWebService.cs:line 1723
   at DnsServerCore.DnsWebService.StartAsync(Boolean throwIfBindFails) in Z:\Technitium\Projects\DnsServer\DnsServerCore\DnsWebService.cs:line 2949
[2026-08-18 17:32:52 UTC] DNS Server auth config file was saved: /etc/dns/auth.config
[2026-08-18 17:32:52 UTC] Logging stopped.
[2026-08-18 17:33:10 UTC] Logging started.
[2026-08-18 17:33:12 UTC] DNS Server auth config file was loaded: /etc/dns/auth.config
[2026-08-18 17:33:24 UTC] Web Service config file was loaded: /etc/dns/webservice.config
[2026-08-18 17:33:25 UTC] DNS Server config file was loaded: /etc/dns/dns.config
[2026-08-18 17:33:26 UTC] DNS Server allowed zone file was loaded: /etc/dns/allowed.config
[2026-08-18 17:33:26 UTC] DNS Server blocked zone file was loaded: /etc/dns/blocked.config
[2026-08-18 17:33:26 UTC] DNS Server block list config file was loaded: /etc/dns/blocklist.config
[2026-08-18 17:33:31 UTC] DNS Server auth config file was saved: /etc/dns/auth.config
[2026-08-18 17:33:37 UTC] [[::]:5380] [HTTP] Web Service failed to bind.
[2026-08-18 17:33:38 UTC] Web Service failed to start.
System.IO.IOException: Failed to bind to address http://[::]:5380: address already in use.
 ---> Microsoft.AspNetCore.Connections.AddressInUseException: Address in use
 ---> System.Net.Sockets.SocketException (98): Address in use
   at System.Net.Sockets.Socket.UpdateStatusAfterSocketErrorAndThrowException(SocketError error, Boolean disconnectOnFailure, String callerName)
   at System.Net.Sockets.Socket.DoBind(EndPoint endPointSnapshot, SocketAddress socketAddress)
   at System.Net.Sockets.Socket.Bind(EndPoint localEP)
   at Microsoft.AspNetCore.Server.Kestrel.Transport.Sockets.SocketTransportOptions.CreateDefaultBoundListenSocket(EndPoint endpoint)
   at Microsoft.AspNetCore.Server.Kestrel.Transport.Sockets.SocketConnectionListener.Bind()
   --- End of inner exception stack trace ---
   at Microsoft.AspNetCore.Server.Kestrel.Transport.Sockets.SocketConnectionListener.Bind()
   at Microsoft.AspNetCore.Server.Kestrel.Transport.Sockets.SocketTransportFactory.BindAsync(EndPoint endpoint, CancellationToken cancellationToken)
   at Microsoft.AspNetCore.Server.Kestrel.Core.Internal.Infrastructure.TransportManager.BindAsync(EndPoint endPoint, ConnectionDelegate connectionDelegate, EndpointConfig endpointConfig, CancellationToken cancellationToken)
   at Microsoft.AspNetCore.Server.Kestrel.Core.KestrelServerImpl.<>c__DisplayClass28_0`1.<<StartAsync>g__OnBind|0>d.MoveNext()
--- End of stack trace from previous location ---
   at Microsoft.AspNetCore.Server.Kestrel.Core.Internal.AddressBinder.BindEndpointAsync(ListenOptions endpoint, AddressBindContext context, CancellationToken cancellationToken)
   --- End of inner exception stack trace ---
   at Microsoft.AspNetCore.Server.Kestrel.Core.Internal.AddressBinder.BindEndpointAsync(ListenOptions endpoint, AddressBindContext context, CancellationToken cancellationToken)
   at Microsoft.AspNetCore.Server.Kestrel.Core.ListenOptions.BindAsync(AddressBindContext context, CancellationToken cancellationToken)
   at Microsoft.AspNetCore.Server.Kestrel.Core.Internal.AddressBinder.EndpointsStrategy.BindAsync(AddressBindContext context, CancellationToken cancellationToken)
   at Microsoft.AspNetCore.Server.Kestrel.Core.KestrelServerImpl.BindAsync(CancellationToken cancellationToken)
   at Microsoft.AspNetCore.Server.Kestrel.Core.KestrelServerImpl.StartAsync[TContext](IHttpApplication`1 application, CancellationToken cancellationToken)
   at Microsoft.AspNetCore.Hosting.GenericWebHostService.StartAsync(CancellationToken cancellationToken)
   at Microsoft.Extensions.Hosting.Internal.Host.<StartAsync>b__14_1(IHostedService service, CancellationToken token)
   at Microsoft.Extensions.Hosting.Internal.Host.ForeachService[T](IEnumerable`1 services, CancellationToken token, Boolean concurrent, Boolean abortOnFirstException, List`1 exceptions, Func`3 operation)
   at Microsoft.Extensions.Hosting.Internal.Host.StartAsync(CancellationToken cancellationToken)
   at DnsServerCore.DnsWebService.StartWebServiceAsync(Boolean httpOnlyMode) in Z:\Technitium\Projects\DnsServer\DnsServerCore\DnsWebService.cs:line 1986
   at DnsServerCore.DnsWebService.StartWebServiceAsync(Boolean httpOnlyMode)
   at DnsServerCore.DnsWebService.TryStartWebServiceAsync(IReadOnlyList`1 oldWebServiceLocalAddresses, Int32 oldWebServiceHttpPort, Int32 oldWebServiceTlsPort) in Z:\Technitium\Projects\DnsServer\DnsServerCore\DnsWebService.cs:line 1675
[2026-08-18 17:33:38 UTC] Attempting to revert Web Service end point changes ...
[2026-08-18 17:33:41 UTC] [[::]:5380] [HTTP] Web Service failed to bind.
[2026-08-18 17:33:41 UTC] Web Service failed to start.
System.IO.IOException: Failed to bind to address http://[::]:5380: address already in use.
 ---> Microsoft.AspNetCore.Connections.AddressInUseException: Address in use
 ---> System.Net.Sockets.SocketException (98): Address in use
   at System.Net.Sockets.Socket.UpdateStatusAfterSocketErrorAndThrowException(SocketError error, Boolean disconnectOnFailure, String callerName)
   at System.Net.Sockets.Socket.DoBind(EndPoint endPointSnapshot, SocketAddress socketAddress)
   at System.Net.Sockets.Socket.Bind(EndPoint localEP)
   at Microsoft.AspNetCore.Server.Kestrel.Transport.Sockets.SocketTransportOptions.CreateDefaultBoundListenSocket(EndPoint endpoint)
   at Microsoft.AspNetCore.Server.Kestrel.Transport.Sockets.SocketConnectionListener.Bind()
   --- End of inner exception stack trace ---
   at Microsoft.AspNetCore.Server.Kestrel.Transport.Sockets.SocketConnectionListener.Bind()
   at Microsoft.AspNetCore.Server.Kestrel.Transport.Sockets.SocketTransportFactory.BindAsync(EndPoint endpoint, CancellationToken cancellationToken)
   at Microsoft.AspNetCore.Server.Kestrel.Core.Internal.Infrastructure.TransportManager.BindAsync(EndPoint endPoint, ConnectionDelegate connectionDelegate, EndpointConfig endpointConfig, CancellationToken cancellationToken)
   at Microsoft.AspNetCore.Server.Kestrel.Core.KestrelServerImpl.<>c__DisplayClass28_0`1.<<StartAsync>g__OnBind|0>d.MoveNext()
--- End of stack trace from previous location ---
   at Microsoft.AspNetCore.Server.Kestrel.Core.Internal.AddressBinder.BindEndpointAsync(ListenOptions endpoint, AddressBindContext context, CancellationToken cancellationToken)
   --- End of inner exception stack trace ---
   at Microsoft.AspNetCore.Server.Kestrel.Core.Internal.AddressBinder.BindEndpointAsync(ListenOptions endpoint, AddressBindContext context, CancellationToken cancellationToken)
   at Microsoft.AspNetCore.Server.Kestrel.Core.ListenOptions.BindAsync(AddressBindContext context, CancellationToken cancellationToken)
   at Microsoft.AspNetCore.Server.Kestrel.Core.Internal.AddressBinder.EndpointsStrategy.BindAsync(AddressBindContext context, CancellationToken cancellationToken)
   at Microsoft.AspNetCore.Server.Kestrel.Core.KestrelServerImpl.BindAsync(CancellationToken cancellationToken)
   at Microsoft.AspNetCore.Server.Kestrel.Core.KestrelServerImpl.StartAsync[TContext](IHttpApplication`1 application, CancellationToken cancellationToken)
   at Microsoft.AspNetCore.Hosting.GenericWebHostService.StartAsync(CancellationToken cancellationToken)
   at Microsoft.Extensions.Hosting.Internal.Host.<StartAsync>b__14_1(IHostedService service, CancellationToken token)
   at Microsoft.Extensions.Hosting.Internal.Host.ForeachService[T](IEnumerable`1 services, CancellationToken token, Boolean concurrent, Boolean abortOnFirstException, List`1 exceptions, Func`3 operation)
   at Microsoft.Extensions.Hosting.Internal.Host.StartAsync(CancellationToken cancellationToken)
   at DnsServerCore.DnsWebService.StartWebServiceAsync(Boolean httpOnlyMode) in Z:\Technitium\Projects\DnsServer\DnsServerCore\DnsWebService.cs:line 1986
   at DnsServerCore.DnsWebService.StartWebServiceAsync(Boolean httpOnlyMode)
   at DnsServerCore.DnsWebService.TryStartWebServiceAsync(IReadOnlyList`1 oldWebServiceLocalAddresses, Int32 oldWebServiceHttpPort, Int32 oldWebServiceTlsPort) in Z:\Technitium\Projects\DnsServer\DnsServerCore\DnsWebService.cs:line 1691
[2026-08-18 17:33:41 UTC] Attempting to start Web Service on ANY (0.0.0.0) fallback address...
[2026-08-18 17:33:41 UTC] [0.0.0.0:5380] [HTTP] Web Service failed to bind.
[2026-08-18 17:33:41 UTC] Web Service failed to start.
System.IO.IOException: Failed to bind to address http://0.0.0.0:5380: address already in use.
 ---> Microsoft.AspNetCore.Connections.AddressInUseException: Address in use
 ---> System.Net.Sockets.SocketException (98): Address in use
   at System.Net.Sockets.Socket.UpdateStatusAfterSocketErrorAndThrowException(SocketError error, Boolean disconnectOnFailure, String callerName)
   at System.Net.Sockets.Socket.DoBind(EndPoint endPointSnapshot, SocketAddress socketAddress)
   at System.Net.Sockets.Socket.Bind(EndPoint localEP)
   at Microsoft.AspNetCore.Server.Kestrel.Transport.Sockets.SocketTransportOptions.CreateDefaultBoundListenSocket(EndPoint endpoint)
   at Microsoft.AspNetCore.Server.Kestrel.Transport.Sockets.SocketConnectionListener.Bind()
   --- End of inner exception stack trace ---
   at Microsoft.AspNetCore.Server.Kestrel.Transport.Sockets.SocketConnectionListener.Bind()
   at Microsoft.AspNetCore.Server.Kestrel.Transport.Sockets.SocketTransportFactory.BindAsync(EndPoint endpoint, CancellationToken cancellationToken)
   at Microsoft.AspNetCore.Server.Kestrel.Core.Internal.Infrastructure.TransportManager.BindAsync(EndPoint endPoint, ConnectionDelegate connectionDelegate, EndpointConfig endpointConfig, CancellationToken cancellationToken)
   at Microsoft.AspNetCore.Server.Kestrel.Core.KestrelServerImpl.<>c__DisplayClass28_0`1.<<StartAsync>g__OnBind|0>d.MoveNext()
--- End of stack trace from previous location ---
   at Microsoft.AspNetCore.Server.Kestrel.Core.Internal.AddressBinder.BindEndpointAsync(ListenOptions endpoint, AddressBindContext context, CancellationToken cancellationToken)
   --- End of inner exception stack trace ---
   at Microsoft.AspNetCore.Server.Kestrel.Core.Internal.AddressBinder.BindEndpointAsync(ListenOptions endpoint, AddressBindContext context, CancellationToken cancellationToken)
   at Microsoft.AspNetCore.Server.Kestrel.Core.ListenOptions.BindAsync(AddressBindContext context, CancellationToken cancellationToken)
   at Microsoft.AspNetCore.Server.Kestrel.Core.Internal.AddressBinder.EndpointsStrategy.BindAsync(AddressBindContext context, CancellationToken cancellationToken)
   at Microsoft.AspNetCore.Server.Kestrel.Core.KestrelServerImpl.BindAsync(CancellationToken cancellationToken)
   at Microsoft.AspNetCore.Server.Kestrel.Core.KestrelServerImpl.StartAsync[TContext](IHttpApplication`1 application, CancellationToken cancellationToken)
   at Microsoft.AspNetCore.Hosting.GenericWebHostService.StartAsync(CancellationToken cancellationToken)
   at Microsoft.Extensions.Hosting.Internal.Host.<StartAsync>b__14_1(IHostedService service, CancellationToken token)
   at Microsoft.Extensions.Hosting.Internal.Host.ForeachService[T](IEnumerable`1 services, CancellationToken token, Boolean concurrent, Boolean abortOnFirstException, List`1 exceptions, Func`3 operation)
   at Microsoft.Extensions.Hosting.Internal.Host.StartAsync(CancellationToken cancellationToken)
   at DnsServerCore.DnsWebService.StartWebServiceAsync(Boolean httpOnlyMode) in Z:\Technitium\Projects\DnsServer\DnsServerCore\DnsWebService.cs:line 1986
   at DnsServerCore.DnsWebService.StartWebServiceAsync(Boolean httpOnlyMode)
   at DnsServerCore.DnsWebService.TryStartWebServiceAsync(IReadOnlyList`1 oldWebServiceLocalAddresses, Int32 oldWebServiceHttpPort, Int32 oldWebServiceTlsPort) in Z:\Technitium\Projects\DnsServer\DnsServerCore\DnsWebService.cs:line 1711
[2026-08-18 17:33:41 UTC] Attempting to start Web Service on loopback (127.0.0.1) fallback address...
[2026-08-18 17:33:42 UTC] [127.0.0.1:5380] [HTTP] Web Service failed to bind.
[2026-08-18 17:33:42 UTC] Failed to start DNS Server (v15.4.0.0).
System.IO.IOException: Failed to bind to address http://127.0.0.1:5380: address already in use.
 ---> Microsoft.AspNetCore.Connections.AddressInUseException: Address in use
 ---> System.Net.Sockets.SocketException (98): Address in use
   at System.Net.Sockets.Socket.UpdateStatusAfterSocketErrorAndThrowException(SocketError error, Boolean disconnectOnFailure, String callerName)
   at System.Net.Sockets.Socket.DoBind(EndPoint endPointSnapshot, SocketAddress socketAddress)
   at System.Net.Sockets.Socket.Bind(EndPoint localEP)
   at Microsoft.AspNetCore.Server.Kestrel.Transport.Sockets.SocketTransportOptions.CreateDefaultBoundListenSocket(EndPoint endpoint)
   at Microsoft.AspNetCore.Server.Kestrel.Transport.Sockets.SocketConnectionListener.Bind()
   --- End of inner exception stack trace ---
   at Microsoft.AspNetCore.Server.Kestrel.Transport.Sockets.SocketConnectionListener.Bind()
   at Microsoft.AspNetCore.Server.Kestrel.Transport.Sockets.SocketTransportFactory.BindAsync(EndPoint endpoint, CancellationToken cancellationToken)
   at Microsoft.AspNetCore.Server.Kestrel.Core.Internal.Infrastructure.TransportManager.BindAsync(EndPoint endPoint, ConnectionDelegate connectionDelegate, EndpointConfig endpointConfig, CancellationToken cancellationToken)
   at Microsoft.AspNetCore.Server.Kestrel.Core.KestrelServerImpl.<>c__DisplayClass28_0`1.<<StartAsync>g__OnBind|0>d.MoveNext()
--- End of stack trace from previous location ---
   at Microsoft.AspNetCore.Server.Kestrel.Core.Internal.AddressBinder.BindEndpointAsync(ListenOptions endpoint, AddressBindContext context, CancellationToken cancellationToken)
   --- End of inner exception stack trace ---
   at Microsoft.AspNetCore.Server.Kestrel.Core.Internal.AddressBinder.BindEndpointAsync(ListenOptions endpoint, AddressBindContext context, CancellationToken cancellationToken)
   at Microsoft.AspNetCore.Server.Kestrel.Core.ListenOptions.BindAsync(AddressBindContext context, CancellationToken cancellationToken)
   at Microsoft.AspNetCore.Server.Kestrel.Core.Internal.AddressBinder.EndpointsStrategy.BindAsync(AddressBindContext context, CancellationToken cancellationToken)
   at Microsoft.AspNetCore.Server.Kestrel.Core.KestrelServerImpl.BindAsync(CancellationToken cancellationToken)
   at Microsoft.AspNetCore.Server.Kestrel.Core.KestrelServerImpl.StartAsync[TContext](IHttpApplication`1 application, CancellationToken cancellationToken)
   at Microsoft.AspNetCore.Hosting.GenericWebHostService.StartAsync(CancellationToken cancellationToken)
   at Microsoft.Extensions.Hosting.Internal.Host.<StartAsync>b__14_1(IHostedService service, CancellationToken token)
   at Microsoft.Extensions.Hosting.Internal.Host.ForeachService[T](IEnumerable`1 services, CancellationToken token, Boolean concurrent, Boolean abortOnFirstException, List`1 exceptions, Func`3 operation)
   at Microsoft.Extensions.Hosting.Internal.Host.StartAsync(CancellationToken cancellationToken)
   at DnsServerCore.DnsWebService.StartWebServiceAsync(Boolean httpOnlyMode) in Z:\Technitium\Projects\DnsServer\DnsServerCore\DnsWebService.cs:line 1986
   at DnsServerCore.DnsWebService.StartWebServiceAsync(Boolean httpOnlyMode)
   at DnsServerCore.DnsWebService.TryStartWebServiceAsync(IReadOnlyList`1 oldWebServiceLocalAddresses, Int32 oldWebServiceHttpPort, Int32 oldWebServiceTlsPort) in Z:\Technitium\Projects\DnsServer\DnsServerCore\DnsWebService.cs:line 1723
   at DnsServerCore.DnsWebService.StartAsync(Boolean throwIfBindFails) in Z:\Technitium\Projects\DnsServer\DnsServerCore\DnsWebService.cs:line 2949
[2026-08-18 17:33:42 UTC] DNS Server auth config file was saved: /etc/dns/auth.config
[2026-08-18 17:33:42 UTC] Logging stopped.
[2026-08-18 17:34:01 UTC] Logging started.
[2026-08-18 17:34:03 UTC] DNS Server auth config file was loaded: /etc/dns/auth.config
[2026-08-18 17:34:14 UTC] Web Service config file was loaded: /etc/dns/webservice.config
[2026-08-18 17:34:15 UTC] DNS Server config file was loaded: /etc/dns/dns.config
[2026-08-18 17:34:16 UTC] DNS Server allowed zone file was loaded: /etc/dns/allowed.config
[2026-08-18 17:34:16 UTC] DNS Server blocked zone file was loaded: /etc/dns/blocked.config
[2026-08-18 17:34:16 UTC] DNS Server block list config file was loaded: /etc/dns/blocklist.config
[2026-08-18 17:34:21 UTC] DNS Server auth config file was saved: /etc/dns/auth.config
[2026-08-18 17:34:27 UTC] [[::]:5380] [HTTP] Web Service failed to bind.
[2026-08-18 17:34:28 UTC] Web Service failed to start.
System.IO.IOException: Failed to bind to address http://[::]:5380: address already in use.
 ---> Microsoft.AspNetCore.Connections.AddressInUseException: Address in use
 ---> System.Net.Sockets.SocketException (98): Address in use
   at System.Net.Sockets.Socket.UpdateStatusAfterSocketErrorAndThrowException(SocketError error, Boolean disconnectOnFailure, String callerName)
   at System.Net.Sockets.Socket.DoBind(EndPoint endPointSnapshot, SocketAddress socketAddress)
   at System.Net.Sockets.Socket.Bind(EndPoint localEP)
   at Microsoft.AspNetCore.Server.Kestrel.Transport.Sockets.SocketTransportOptions.CreateDefaultBoundListenSocket(EndPoint endpoint)
   at Microsoft.AspNetCore.Server.Kestrel.Transport.Sockets.SocketConnectionListener.Bind()
   --- End of inner exception stack trace ---
   at Microsoft.AspNetCore.Server.Kestrel.Transport.Sockets.SocketConnectionListener.Bind()
   at Microsoft.AspNetCore.Server.Kestrel.Transport.Sockets.SocketTransportFactory.BindAsync(EndPoint endpoint, CancellationToken cancellationToken)
   at Microsoft.AspNetCore.Server.Kestrel.Core.Internal.Infrastructure.TransportManager.BindAsync(EndPoint endPoint, ConnectionDelegate connectionDelegate, EndpointConfig endpointConfig, CancellationToken cancellationToken)
   at Microsoft.AspNetCore.Server.Kestrel.Core.KestrelServerImpl.<>c__DisplayClass28_0`1.<<StartAsync>g__OnBind|0>d.MoveNext()
--- End of stack trace from previous location ---
   at Microsoft.AspNetCore.Server.Kestrel.Core.Internal.AddressBinder.BindEndpointAsync(ListenOptions endpoint, AddressBindContext context, CancellationToken cancellationToken)
   --- End of inner exception stack trace ---
   at Microsoft.AspNetCore.Server.Kestrel.Core.Internal.AddressBinder.BindEndpointAsync(ListenOptions endpoint, AddressBindContext context, CancellationToken cancellationToken)
   at Microsoft.AspNetCore.Server.Kestrel.Core.ListenOptions.BindAsync(AddressBindContext context, CancellationToken cancellationToken)
   at Microsoft.AspNetCore.Server.Kestrel.Core.Internal.AddressBinder.EndpointsStrategy.BindAsync(AddressBindContext context, CancellationToken cancellationToken)
   at Microsoft.AspNetCore.Server.Kestrel.Core.KestrelServerImpl.BindAsync(CancellationToken cancellationToken)
   at Microsoft.AspNetCore.Server.Kestrel.Core.KestrelServerImpl.StartAsync[TContext](IHttpApplication`1 application, CancellationToken cancellationToken)
   at Microsoft.AspNetCore.Hosting.GenericWebHostService.StartAsync(CancellationToken cancellationToken)
   at Microsoft.Extensions.Hosting.Internal.Host.<StartAsync>b__14_1(IHostedService service, CancellationToken token)
   at Microsoft.Extensions.Hosting.Internal.Host.ForeachService[T](IEnumerable`1 services, CancellationToken token, Boolean concurrent, Boolean abortOnFirstException, List`1 exceptions, Func`3 operation)
   at Microsoft.Extensions.Hosting.Internal.Host.StartAsync(CancellationToken cancellationToken)
   at DnsServerCore.DnsWebService.StartWebServiceAsync(Boolean httpOnlyMode) in Z:\Technitium\Projects\DnsServer\DnsServerCore\DnsWebService.cs:line 1986
   at DnsServerCore.DnsWebService.StartWebServiceAsync(Boolean httpOnlyMode)
   at DnsServerCore.DnsWebService.TryStartWebServiceAsync(IReadOnlyList`1 oldWebServiceLocalAddresses, Int32 oldWebServiceHttpPort, Int32 oldWebServiceTlsPort) in Z:\Technitium\Projects\DnsServer\DnsServerCore\DnsWebService.cs:line 1675
[2026-08-18 17:34:28 UTC] Attempting to revert Web Service end point changes ...
[2026-08-18 17:34:31 UTC] [[::]:5380] [HTTP] Web Service failed to bind.
[2026-08-18 17:34:31 UTC] Web Service failed to start.
System.IO.IOException: Failed to bind to address http://[::]:5380: address already in use.
 ---> Microsoft.AspNetCore.Connections.AddressInUseException: Address in use
 ---> System.Net.Sockets.SocketException (98): Address in use
   at System.Net.Sockets.Socket.UpdateStatusAfterSocketErrorAndThrowException(SocketError error, Boolean disconnectOnFailure, String callerName)
   at System.Net.Sockets.Socket.DoBind(EndPoint endPointSnapshot, SocketAddress socketAddress)
   at System.Net.Sockets.Socket.Bind(EndPoint localEP)
   at Microsoft.AspNetCore.Server.Kestrel.Transport.Sockets.SocketTransportOptions.CreateDefaultBoundListenSocket(EndPoint endpoint)
   at Microsoft.AspNetCore.Server.Kestrel.Transport.Sockets.SocketConnectionListener.Bind()
   --- End of inner exception stack trace ---
   at Microsoft.AspNetCore.Server.Kestrel.Transport.Sockets.SocketConnectionListener.Bind()
   at Microsoft.AspNetCore.Server.Kestrel.Transport.Sockets.SocketTransportFactory.BindAsync(EndPoint endpoint, CancellationToken cancellationToken)
   at Microsoft.AspNetCore.Server.Kestrel.Core.Internal.Infrastructure.TransportManager.BindAsync(EndPoint endPoint, ConnectionDelegate connectionDelegate, EndpointConfig endpointConfig, CancellationToken cancellationToken)
   at Microsoft.AspNetCore.Server.Kestrel.Core.KestrelServerImpl.<>c__DisplayClass28_0`1.<<StartAsync>g__OnBind|0>d.MoveNext()
--- End of stack trace from previous location ---
   at Microsoft.AspNetCore.Server.Kestrel.Core.Internal.AddressBinder.BindEndpointAsync(ListenOptions endpoint, AddressBindContext context, CancellationToken cancellationToken)
   --- End of inner exception stack trace ---
   at Microsoft.AspNetCore.Server.Kestrel.Core.Internal.AddressBinder.BindEndpointAsync(ListenOptions endpoint, AddressBindContext context, CancellationToken cancellationToken)
   at Microsoft.AspNetCore.Server.Kestrel.Core.ListenOptions.BindAsync(AddressBindContext context, CancellationToken cancellationToken)
   at Microsoft.AspNetCore.Server.Kestrel.Core.Internal.AddressBinder.EndpointsStrategy.BindAsync(AddressBindContext context, CancellationToken cancellationToken)
   at Microsoft.AspNetCore.Server.Kestrel.Core.KestrelServerImpl.BindAsync(CancellationToken cancellationToken)
   at Microsoft.AspNetCore.Server.Kestrel.Core.KestrelServerImpl.StartAsync[TContext](IHttpApplication`1 application, CancellationToken cancellationToken)
   at Microsoft.AspNetCore.Hosting.GenericWebHostService.StartAsync(CancellationToken cancellationToken)
   at Microsoft.Extensions.Hosting.Internal.Host.<StartAsync>b__14_1(IHostedService service, CancellationToken token)
   at Microsoft.Extensions.Hosting.Internal.Host.ForeachService[T](IEnumerable`1 services, CancellationToken token, Boolean concurrent, Boolean abortOnFirstException, List`1 exceptions, Func`3 operation)
   at Microsoft.Extensions.Hosting.Internal.Host.StartAsync(CancellationToken cancellationToken)
   at DnsServerCore.DnsWebService.StartWebServiceAsync(Boolean httpOnlyMode) in Z:\Technitium\Projects\DnsServer\DnsServerCore\DnsWebService.cs:line 1986
   at DnsServerCore.DnsWebService.StartWebServiceAsync(Boolean httpOnlyMode)
   at DnsServerCore.DnsWebService.TryStartWebServiceAsync(IReadOnlyList`1 oldWebServiceLocalAddresses, Int32 oldWebServiceHttpPort, Int32 oldWebServiceTlsPort) in Z:\Technitium\Projects\DnsServer\DnsServerCore\DnsWebService.cs:line 1691
[2026-08-18 17:34:31 UTC] Attempting to start Web Service on ANY (0.0.0.0) fallback address...
[2026-08-18 17:34:31 UTC] [0.0.0.0:5380] [HTTP] Web Service failed to bind.
[2026-08-18 17:34:32 UTC] Web Service failed to start.
System.IO.IOException: Failed to bind to address http://0.0.0.0:5380: address already in use.
 ---> Microsoft.AspNetCore.Connections.AddressInUseException: Address in use
 ---> System.Net.Sockets.SocketException (98): Address in use
   at System.Net.Sockets.Socket.UpdateStatusAfterSocketErrorAndThrowException(SocketError error, Boolean disconnectOnFailure, String callerName)
   at System.Net.Sockets.Socket.DoBind(EndPoint endPointSnapshot, SocketAddress socketAddress)
   at System.Net.Sockets.Socket.Bind(EndPoint localEP)
   at Microsoft.AspNetCore.Server.Kestrel.Transport.Sockets.SocketTransportOptions.CreateDefaultBoundListenSocket(EndPoint endpoint)
   at Microsoft.AspNetCore.Server.Kestrel.Transport.Sockets.SocketConnectionListener.Bind()
   --- End of inner exception stack trace ---
   at Microsoft.AspNetCore.Server.Kestrel.Transport.Sockets.SocketConnectionListener.Bind()
   at Microsoft.AspNetCore.Server.Kestrel.Transport.Sockets.SocketTransportFactory.BindAsync(EndPoint endpoint, CancellationToken cancellationToken)
   at Microsoft.AspNetCore.Server.Kestrel.Core.Internal.Infrastructure.TransportManager.BindAsync(EndPoint endPoint, ConnectionDelegate connectionDelegate, EndpointConfig endpointConfig, CancellationToken cancellationToken)
   at Microsoft.AspNetCore.Server.Kestrel.Core.KestrelServerImpl.<>c__DisplayClass28_0`1.<<StartAsync>g__OnBind|0>d.MoveNext()
--- End of stack trace from previous location ---
   at Microsoft.AspNetCore.Server.Kestrel.Core.Internal.AddressBinder.BindEndpointAsync(ListenOptions endpoint, AddressBindContext context, CancellationToken cancellationToken)
   --- End of inner exception stack trace ---
   at Microsoft.AspNetCore.Server.Kestrel.Core.Internal.AddressBinder.BindEndpointAsync(ListenOptions endpoint, AddressBindContext context, CancellationToken cancellationToken)
   at Microsoft.AspNetCore.Server.Kestrel.Core.ListenOptions.BindAsync(AddressBindContext context, CancellationToken cancellationToken)
   at Microsoft.AspNetCore.Server.Kestrel.Core.Internal.AddressBinder.EndpointsStrategy.BindAsync(AddressBindContext context, CancellationToken cancellationToken)
   at Microsoft.AspNetCore.Server.Kestrel.Core.KestrelServerImpl.BindAsync(CancellationToken cancellationToken)
   at Microsoft.AspNetCore.Server.Kestrel.Core.KestrelServerImpl.StartAsync[TContext](IHttpApplication`1 application, CancellationToken cancellationToken)
   at Microsoft.AspNetCore.Hosting.GenericWebHostService.StartAsync(CancellationToken cancellationToken)
   at Microsoft.Extensions.Hosting.Internal.Host.<StartAsync>b__14_1(IHostedService service, CancellationToken token)
   at Microsoft.Extensions.Hosting.Internal.Host.ForeachService[T](IEnumerable`1 services, CancellationToken token, Boolean concurrent, Boolean abortOnFirstException, List`1 exceptions, Func`3 operation)
   at Microsoft.Extensions.Hosting.Internal.Host.StartAsync(CancellationToken cancellationToken)
   at DnsServerCore.DnsWebService.StartWebServiceAsync(Boolean httpOnlyMode) in Z:\Technitium\Projects\DnsServer\DnsServerCore\DnsWebService.cs:line 1986
   at DnsServerCore.DnsWebService.StartWebServiceAsync(Boolean httpOnlyMode)
   at DnsServerCore.DnsWebService.TryStartWebServiceAsync(IReadOnlyList`1 oldWebServiceLocalAddresses, Int32 oldWebServiceHttpPort, Int32 oldWebServiceTlsPort) in Z:\Technitium\Projects\DnsServer\DnsServerCore\DnsWebService.cs:line 1711
[2026-08-18 17:34:32 UTC] Attempting to start Web Service on loopback (127.0.0.1) fallback address...
[2026-08-18 17:34:32 UTC] [127.0.0.1:5380] [HTTP] Web Service failed to bind.
[2026-08-18 17:34:32 UTC] Failed to start DNS Server (v15.4.0.0).
System.IO.IOException: Failed to bind to address http://127.0.0.1:5380: address already in use.
 ---> Microsoft.AspNetCore.Connections.AddressInUseException: Address in use
 ---> System.Net.Sockets.SocketException (98): Address in use
   at System.Net.Sockets.Socket.UpdateStatusAfterSocketErrorAndThrowException(SocketError error, Boolean disconnectOnFailure, String callerName)
   at System.Net.Sockets.Socket.DoBind(EndPoint endPointSnapshot, SocketAddress socketAddress)
   at System.Net.Sockets.Socket.Bind(EndPoint localEP)
   at Microsoft.AspNetCore.Server.Kestrel.Transport.Sockets.SocketTransportOptions.CreateDefaultBoundListenSocket(EndPoint endpoint)
   at Microsoft.AspNetCore.Server.Kestrel.Transport.Sockets.SocketConnectionListener.Bind()
   --- End of inner exception stack trace ---
   at Microsoft.AspNetCore.Server.Kestrel.Transport.Sockets.SocketConnectionListener.Bind()
   at Microsoft.AspNetCore.Server.Kestrel.Transport.Sockets.SocketTransportFactory.BindAsync(EndPoint endpoint, CancellationToken cancellationToken)
   at Microsoft.AspNetCore.Server.Kestrel.Core.Internal.Infrastructure.TransportManager.BindAsync(EndPoint endPoint, ConnectionDelegate connectionDelegate, EndpointConfig endpointConfig, CancellationToken cancellationToken)
   at Microsoft.AspNetCore.Server.Kestrel.Core.KestrelServerImpl.<>c__DisplayClass28_0`1.<<StartAsync>g__OnBind|0>d.MoveNext()
--- End of stack trace from previous location ---
   at Microsoft.AspNetCore.Server.Kestrel.Core.Internal.AddressBinder.BindEndpointAsync(ListenOptions endpoint, AddressBindContext context, CancellationToken cancellationToken)
   --- End of inner exception stack trace ---
   at Microsoft.AspNetCore.Server.Kestrel.Core.Internal.AddressBinder.BindEndpointAsync(ListenOptions endpoint, AddressBindContext context, CancellationToken cancellationToken)
   at Microsoft.AspNetCore.Server.Kestrel.Core.ListenOptions.BindAsync(AddressBindContext context, CancellationToken cancellationToken)
   at Microsoft.AspNetCore.Server.Kestrel.Core.Internal.AddressBinder.EndpointsStrategy.BindAsync(AddressBindContext context, CancellationToken cancellationToken)
   at Microsoft.AspNetCore.Server.Kestrel.Core.KestrelServerImpl.BindAsync(CancellationToken cancellationToken)
   at Microsoft.AspNetCore.Server.Kestrel.Core.KestrelServerImpl.StartAsync[TContext](IHttpApplication`1 application, CancellationToken cancellationToken)
   at Microsoft.AspNetCore.Hosting.GenericWebHostService.StartAsync(CancellationToken cancellationToken)
   at Microsoft.Extensions.Hosting.Internal.Host.<StartAsync>b__14_1(IHostedService service, CancellationToken token)
   at Microsoft.Extensions.Hosting.Internal.Host.ForeachService[T](IEnumerable`1 services, CancellationToken token, Boolean concurrent, Boolean abortOnFirstException, List`1 exceptions, Func`3 operation)
   at Microsoft.Extensions.Hosting.Internal.Host.StartAsync(CancellationToken cancellationToken)
   at DnsServerCore.DnsWebService.StartWebServiceAsync(Boolean httpOnlyMode) in Z:\Technitium\Projects\DnsServer\DnsServerCore\DnsWebService.cs:line 1986
   at DnsServerCore.DnsWebService.StartWebServiceAsync(Boolean httpOnlyMode)
   at DnsServerCore.DnsWebService.TryStartWebServiceAsync(IReadOnlyList`1 oldWebServiceLocalAddresses, Int32 oldWebServiceHttpPort, Int32 oldWebServiceTlsPort) in Z:\Technitium\Projects\DnsServer\DnsServerCore\DnsWebService.cs:line 1723
   at DnsServerCore.DnsWebService.StartAsync(Boolean throwIfBindFails) in Z:\Technitium\Projects\DnsServer\DnsServerCore\DnsWebService.cs:line 2949
[2026-08-18 17:34:33 UTC] DNS Server auth config file was saved: /etc/dns/auth.config
[2026-08-18 17:34:33 UTC] Logging stopped.
[2026-08-18 17:34:51 UTC] Logging started.
[2026-08-18 17:34:53 UTC] DNS Server auth config file was loaded: /etc/dns/auth.config
[2026-08-18 17:35:03 UTC] Web Service config file was loaded: /etc/dns/webservice.config
[2026-08-18 17:35:04 UTC] DNS Server config file was loaded: /etc/dns/dns.config
[2026-08-18 17:35:05 UTC] DNS Server allowed zone file was loaded: /etc/dns/allowed.config
[2026-08-18 17:35:05 UTC] DNS Server blocked zone file was loaded: /etc/dns/blocked.config
[2026-08-18 17:35:05 UTC] DNS Server block list config file was loaded: /etc/dns/blocklist.config
[2026-08-18 17:35:12 UTC] DNS Server auth config file was saved: /etc/dns/auth.config
[2026-08-18 17:35:20 UTC] [[::]:5380] [HTTP] Web Service failed to bind.
[2026-08-18 17:35:21 UTC] Web Service failed to start.
System.IO.IOException: Failed to bind to address http://[::]:5380: address already in use.
 ---> Microsoft.AspNetCore.Connections.AddressInUseException: Address in use
 ---> System.Net.Sockets.SocketException (98): Address in use
   at System.Net.Sockets.Socket.UpdateStatusAfterSocketErrorAndThrowException(SocketError error, Boolean disconnectOnFailure, String callerName)
   at System.Net.Sockets.Socket.DoBind(EndPoint endPointSnapshot, SocketAddress socketAddress)
   at System.Net.Sockets.Socket.Bind(EndPoint localEP)
   at Microsoft.AspNetCore.Server.Kestrel.Transport.Sockets.SocketTransportOptions.CreateDefaultBoundListenSocket(EndPoint endpoint)
   at Microsoft.AspNetCore.Server.Kestrel.Transport.Sockets.SocketConnectionListener.Bind()
   --- End of inner exception stack trace ---
   at Microsoft.AspNetCore.Server.Kestrel.Transport.Sockets.SocketConnectionListener.Bind()
   at Microsoft.AspNetCore.Server.Kestrel.Transport.Sockets.SocketTransportFactory.BindAsync(EndPoint endpoint, CancellationToken cancellationToken)
   at Microsoft.AspNetCore.Server.Kestrel.Core.Internal.Infrastructure.TransportManager.BindAsync(EndPoint endPoint, ConnectionDelegate connectionDelegate, EndpointConfig endpointConfig, CancellationToken cancellationToken)
   at Microsoft.AspNetCore.Server.Kestrel.Core.KestrelServerImpl.<>c__DisplayClass28_0`1.<<StartAsync>g__OnBind|0>d.MoveNext()
--- End of stack trace from previous location ---
   at Microsoft.AspNetCore.Server.Kestrel.Core.Internal.AddressBinder.BindEndpointAsync(ListenOptions endpoint, AddressBindContext context, CancellationToken cancellationToken)
   --- End of inner exception stack trace ---
   at Microsoft.AspNetCore.Server.Kestrel.Core.Internal.AddressBinder.BindEndpointAsync(ListenOptions endpoint, AddressBindContext context, CancellationToken cancellationToken)
   at Microsoft.AspNetCore.Server.Kestrel.Core.ListenOptions.BindAsync(AddressBindContext context, CancellationToken cancellationToken)
   at Microsoft.AspNetCore.Server.Kestrel.Core.Internal.AddressBinder.EndpointsStrategy.BindAsync(AddressBindContext context, CancellationToken cancellationToken)
   at Microsoft.AspNetCore.Server.Kestrel.Core.KestrelServerImpl.BindAsync(CancellationToken cancellationToken)
   at Microsoft.AspNetCore.Server.Kestrel.Core.KestrelServerImpl.StartAsync[TContext](IHttpApplication`1 application, CancellationToken cancellationToken)
   at Microsoft.AspNetCore.Hosting.GenericWebHostService.StartAsync(CancellationToken cancellationToken)
   at Microsoft.Extensions.Hosting.Internal.Host.<StartAsync>b__14_1(IHostedService service, CancellationToken token)
   at Microsoft.Extensions.Hosting.Internal.Host.ForeachService[T](IEnumerable`1 services, CancellationToken token, Boolean concurrent, Boolean abortOnFirstException, List`1 exceptions, Func`3 operation)
   at Microsoft.Extensions.Hosting.Internal.Host.StartAsync(CancellationToken cancellationToken)
   at DnsServerCore.DnsWebService.StartWebServiceAsync(Boolean httpOnlyMode) in Z:\Technitium\Projects\DnsServer\DnsServerCore\DnsWebService.cs:line 1986
   at DnsServerCore.DnsWebService.StartWebServiceAsync(Boolean httpOnlyMode)
   at DnsServerCore.DnsWebService.TryStartWebServiceAsync(IReadOnlyList`1 oldWebServiceLocalAddresses, Int32 oldWebServiceHttpPort, Int32 oldWebServiceTlsPort) in Z:\Technitium\Projects\DnsServer\DnsServerCore\DnsWebService.cs:line 1675
[2026-08-18 17:35:21 UTC] Attempting to revert Web Service end point changes ...
[2026-08-18 17:35:24 UTC] [[::]:5380] [HTTP] Web Service failed to bind.
[2026-08-18 17:35:24 UTC] Web Service failed to start.
System.IO.IOException: Failed to bind to address http://[::]:5380: address already in use.
 ---> Microsoft.AspNetCore.Connections.AddressInUseException: Address in use
 ---> System.Net.Sockets.SocketException (98): Address in use
   at System.Net.Sockets.Socket.UpdateStatusAfterSocketErrorAndThrowException(SocketError error, Boolean disconnectOnFailure, String callerName)
   at System.Net.Sockets.Socket.DoBind(EndPoint endPointSnapshot, SocketAddress socketAddress)
   at System.Net.Sockets.Socket.Bind(EndPoint localEP)
   at Microsoft.AspNetCore.Server.Kestrel.Transport.Sockets.SocketTransportOptions.CreateDefaultBoundListenSocket(EndPoint endpoint)
   at Microsoft.AspNetCore.Server.Kestrel.Transport.Sockets.SocketConnectionListener.Bind()
   --- End of inner exception stack trace ---
   at Microsoft.AspNetCore.Server.Kestrel.Transport.Sockets.SocketConnectionListener.Bind()
   at Microsoft.AspNetCore.Server.Kestrel.Transport.Sockets.SocketTransportFactory.BindAsync(EndPoint endpoint, CancellationToken cancellationToken)
   at Microsoft.AspNetCore.Server.Kestrel.Core.Internal.Infrastructure.TransportManager.BindAsync(EndPoint endPoint, ConnectionDelegate connectionDelegate, EndpointConfig endpointConfig, CancellationToken cancellationToken)
   at Microsoft.AspNetCore.Server.Kestrel.Core.KestrelServerImpl.<>c__DisplayClass28_0`1.<<StartAsync>g__OnBind|0>d.MoveNext()
--- End of stack trace from previous location ---
   at Microsoft.AspNetCore.Server.Kestrel.Core.Internal.AddressBinder.BindEndpointAsync(ListenOptions endpoint, AddressBindContext context, CancellationToken cancellationToken)
   --- End of inner exception stack trace ---
   at Microsoft.AspNetCore.Server.Kestrel.Core.Internal.AddressBinder.BindEndpointAsync(ListenOptions endpoint, AddressBindContext context, CancellationToken cancellationToken)
   at Microsoft.AspNetCore.Server.Kestrel.Core.ListenOptions.BindAsync(AddressBindContext context, CancellationToken cancellationToken)
   at Microsoft.AspNetCore.Server.Kestrel.Core.Internal.AddressBinder.EndpointsStrategy.BindAsync(AddressBindContext context, CancellationToken cancellationToken)
   at Microsoft.AspNetCore.Server.Kestrel.Core.KestrelServerImpl.BindAsync(CancellationToken cancellationToken)
   at Microsoft.AspNetCore.Server.Kestrel.Core.KestrelServerImpl.StartAsync[TContext](IHttpApplication`1 application, CancellationToken cancellationToken)
   at Microsoft.AspNetCore.Hosting.GenericWebHostService.StartAsync(CancellationToken cancellationToken)
   at Microsoft.Extensions.Hosting.Internal.Host.<StartAsync>b__14_1(IHostedService service, CancellationToken token)
   at Microsoft.Extensions.Hosting.Internal.Host.ForeachService[T](IEnumerable`1 services, CancellationToken token, Boolean concurrent, Boolean abortOnFirstException, List`1 exceptions, Func`3 operation)
   at Microsoft.Extensions.Hosting.Internal.Host.StartAsync(CancellationToken cancellationToken)
   at DnsServerCore.DnsWebService.StartWebServiceAsync(Boolean httpOnlyMode) in Z:\Technitium\Projects\DnsServer\DnsServerCore\DnsWebService.cs:line 1986
   at DnsServerCore.DnsWebService.StartWebServiceAsync(Boolean httpOnlyMode)
   at DnsServerCore.DnsWebService.TryStartWebServiceAsync(IReadOnlyList`1 oldWebServiceLocalAddresses, Int32 oldWebServiceHttpPort, Int32 oldWebServiceTlsPort) in Z:\Technitium\Projects\DnsServer\DnsServerCore\DnsWebService.cs:line 1691
[2026-08-18 17:35:24 UTC] Attempting to start Web Service on ANY (0.0.0.0) fallback address...
[2026-08-18 17:35:24 UTC] [0.0.0.0:5380] [HTTP] Web Service failed to bind.
[2026-08-18 17:35:24 UTC] Web Service failed to start.
System.IO.IOException: Failed to bind to address http://0.0.0.0:5380: address already in use.
 ---> Microsoft.AspNetCore.Connections.AddressInUseException: Address in use
 ---> System.Net.Sockets.SocketException (98): Address in use
   at System.Net.Sockets.Socket.UpdateStatusAfterSocketErrorAndThrowException(SocketError error, Boolean disconnectOnFailure, String callerName)
   at System.Net.Sockets.Socket.DoBind(EndPoint endPointSnapshot, SocketAddress socketAddress)
   at System.Net.Sockets.Socket.Bind(EndPoint localEP)
   at Microsoft.AspNetCore.Server.Kestrel.Transport.Sockets.SocketTransportOptions.CreateDefaultBoundListenSocket(EndPoint endpoint)
   at Microsoft.AspNetCore.Server.Kestrel.Transport.Sockets.SocketConnectionListener.Bind()
   --- End of inner exception stack trace ---
   at Microsoft.AspNetCore.Server.Kestrel.Transport.Sockets.SocketConnectionListener.Bind()
   at Microsoft.AspNetCore.Server.Kestrel.Transport.Sockets.SocketTransportFactory.BindAsync(EndPoint endpoint, CancellationToken cancellationToken)
   at Microsoft.AspNetCore.Server.Kestrel.Core.Internal.Infrastructure.TransportManager.BindAsync(EndPoint endPoint, ConnectionDelegate connectionDelegate, EndpointConfig endpointConfig, CancellationToken cancellationToken)
   at Microsoft.AspNetCore.Server.Kestrel.Core.KestrelServerImpl.<>c__DisplayClass28_0`1.<<StartAsync>g__OnBind|0>d.MoveNext()
--- End of stack trace from previous location ---
   at Microsoft.AspNetCore.Server.Kestrel.Core.Internal.AddressBinder.BindEndpointAsync(ListenOptions endpoint, AddressBindContext context, CancellationToken cancellationToken)
   --- End of inner exception stack trace ---
   at Microsoft.AspNetCore.Server.Kestrel.Core.Internal.AddressBinder.BindEndpointAsync(ListenOptions endpoint, AddressBindContext context, CancellationToken cancellationToken)
   at Microsoft.AspNetCore.Server.Kestrel.Core.ListenOptions.BindAsync(AddressBindContext context, CancellationToken cancellationToken)
   at Microsoft.AspNetCore.Server.Kestrel.Core.Internal.AddressBinder.EndpointsStrategy.BindAsync(AddressBindContext context, CancellationToken cancellationToken)
   at Microsoft.AspNetCore.Server.Kestrel.Core.KestrelServerImpl.BindAsync(CancellationToken cancellationToken)
   at Microsoft.AspNetCore.Server.Kestrel.Core.KestrelServerImpl.StartAsync[TContext](IHttpApplication`1 application, CancellationToken cancellationToken)
   at Microsoft.AspNetCore.Hosting.GenericWebHostService.StartAsync(CancellationToken cancellationToken)
   at Microsoft.Extensions.Hosting.Internal.Host.<StartAsync>b__14_1(IHostedService service, CancellationToken token)
   at Microsoft.Extensions.Hosting.Internal.Host.ForeachService[T](IEnumerable`1 services, CancellationToken token, Boolean concurrent, Boolean abortOnFirstException, List`1 exceptions, Func`3 operation)
   at Microsoft.Extensions.Hosting.Internal.Host.StartAsync(CancellationToken cancellationToken)
   at DnsServerCore.DnsWebService.StartWebServiceAsync(Boolean httpOnlyMode) in Z:\Technitium\Projects\DnsServer\DnsServerCore\DnsWebService.cs:line 1986
   at DnsServerCore.DnsWebService.StartWebServiceAsync(Boolean httpOnlyMode)
   at DnsServerCore.DnsWebService.TryStartWebServiceAsync(IReadOnlyList`1 oldWebServiceLocalAddresses, Int32 oldWebServiceHttpPort, Int32 oldWebServiceTlsPort) in Z:\Technitium\Projects\DnsServer\DnsServerCore\DnsWebService.cs:line 1711
[2026-08-18 17:35:24 UTC] Attempting to start Web Service on loopback (127.0.0.1) fallback address...
[2026-08-18 17:35:25 UTC] [127.0.0.1:5380] [HTTP] Web Service failed to bind.
[2026-08-18 17:35:25 UTC] Failed to start DNS Server (v15.4.0.0).
System.IO.IOException: Failed to bind to address http://127.0.0.1:5380: address already in use.
 ---> Microsoft.AspNetCore.Connections.AddressInUseException: Address in use
 ---> System.Net.Sockets.SocketException (98): Address in use
   at System.Net.Sockets.Socket.UpdateStatusAfterSocketErrorAndThrowException(SocketError error, Boolean disconnectOnFailure, String callerName)
   at System.Net.Sockets.Socket.DoBind(EndPoint endPointSnapshot, SocketAddress socketAddress)
   at System.Net.Sockets.Socket.Bind(EndPoint localEP)
   at Microsoft.AspNetCore.Server.Kestrel.Transport.Sockets.SocketTransportOptions.CreateDefaultBoundListenSocket(EndPoint endpoint)
   at Microsoft.AspNetCore.Server.Kestrel.Transport.Sockets.SocketConnectionListener.Bind()
   --- End of inner exception stack trace ---
   at Microsoft.AspNetCore.Server.Kestrel.Transport.Sockets.SocketConnectionListener.Bind()
   at Microsoft.AspNetCore.Server.Kestrel.Transport.Sockets.SocketTransportFactory.BindAsync(EndPoint endpoint, CancellationToken cancellationToken)
   at Microsoft.AspNetCore.Server.Kestrel.Core.Internal.Infrastructure.TransportManager.BindAsync(EndPoint endPoint, ConnectionDelegate connectionDelegate, EndpointConfig endpointConfig, CancellationToken cancellationToken)
   at Microsoft.AspNetCore.Server.Kestrel.Core.KestrelServerImpl.<>c__DisplayClass28_0`1.<<StartAsync>g__OnBind|0>d.MoveNext()
--- End of stack trace from previous location ---
   at Microsoft.AspNetCore.Server.Kestrel.Core.Internal.AddressBinder.BindEndpointAsync(ListenOptions endpoint, AddressBindContext context, CancellationToken cancellationToken)
   --- End of inner exception stack trace ---
   at Microsoft.AspNetCore.Server.Kestrel.Core.Internal.AddressBinder.BindEndpointAsync(ListenOptions endpoint, AddressBindContext context, CancellationToken cancellationToken)
   at Microsoft.AspNetCore.Server.Kestrel.Core.ListenOptions.BindAsync(AddressBindContext context, CancellationToken cancellationToken)
   at Microsoft.AspNetCore.Server.Kestrel.Core.Internal.AddressBinder.EndpointsStrategy.BindAsync(AddressBindContext context, CancellationToken cancellationToken)
   at Microsoft.AspNetCore.Server.Kestrel.Core.KestrelServerImpl.BindAsync(CancellationToken cancellationToken)
   at Microsoft.AspNetCore.Server.Kestrel.Core.KestrelServerImpl.StartAsync[TContext](IHttpApplication`1 application, CancellationToken cancellationToken)
   at Microsoft.AspNetCore.Hosting.GenericWebHostService.StartAsync(CancellationToken cancellationToken)
   at Microsoft.Extensions.Hosting.Internal.Host.<StartAsync>b__14_1(IHostedService service, CancellationToken token)
   at Microsoft.Extensions.Hosting.Internal.Host.ForeachService[T](IEnumerable`1 services, CancellationToken token, Boolean concurrent, Boolean abortOnFirstException, List`1 exceptions, Func`3 operation)
   at Microsoft.Extensions.Hosting.Internal.Host.StartAsync(CancellationToken cancellationToken)
   at DnsServerCore.DnsWebService.StartWebServiceAsync(Boolean httpOnlyMode) in Z:\Technitium\Projects\DnsServer\DnsServerCore\DnsWebService.cs:line 1986
   at DnsServerCore.DnsWebService.StartWebServiceAsync(Boolean httpOnlyMode)
   at DnsServerCore.DnsWebService.TryStartWebServiceAsync(IReadOnlyList`1 oldWebServiceLocalAddresses, Int32 oldWebServiceHttpPort, Int32 oldWebServiceTlsPort) in Z:\Technitium\Projects\DnsServer\DnsServerCore\DnsWebService.cs:line 1723
   at DnsServerCore.DnsWebService.StartAsync(Boolean throwIfBindFails) in Z:\Technitium\Projects\DnsServer\DnsServerCore\DnsWebService.cs:line 2949
[2026-08-18 17:35:25 UTC] DNS Server auth config file was saved: /etc/dns/auth.config
[2026-08-18 17:35:25 UTC] Logging stopped.
[2026-08-18 17:35:45 UTC] Logging started.
[2026-08-18 17:35:48 UTC] DNS Server auth config file was loaded: /etc/dns/auth.config
[2026-08-18 17:36:01 UTC] Web Service config file was loaded: /etc/dns/webservice.config
[2026-08-18 17:36:02 UTC] DNS Server config file was loaded: /etc/dns/dns.config
[2026-08-18 17:36:03 UTC] DNS Server allowed zone file was loaded: /etc/dns/allowed.config
[2026-08-18 17:36:03 UTC] DNS Server blocked zone file was loaded: /etc/dns/blocked.config
[2026-08-18 17:36:03 UTC] DNS Server block list config file was loaded: /etc/dns/blocklist.config
[2026-08-18 17:36:08 UTC] DNS Server auth config file was saved: /etc/dns/auth.config
[2026-08-18 17:36:15 UTC] [[::]:5380] [HTTP] Web Service failed to bind.
[2026-08-18 17:36:16 UTC] Web Service failed to start.
System.IO.IOException: Failed to bind to address http://[::]:5380: address already in use.
 ---> Microsoft.AspNetCore.Connections.AddressInUseException: Address in use
 ---> System.Net.Sockets.SocketException (98): Address in use
   at System.Net.Sockets.Socket.UpdateStatusAfterSocketErrorAndThrowException(SocketError error, Boolean disconnectOnFailure, String callerName)
   at System.Net.Sockets.Socket.DoBind(EndPoint endPointSnapshot, SocketAddress socketAddress)
   at System.Net.Sockets.Socket.Bind(EndPoint localEP)
   at Microsoft.AspNetCore.Server.Kestrel.Transport.Sockets.SocketTransportOptions.CreateDefaultBoundListenSocket(EndPoint endpoint)
   at Microsoft.AspNetCore.Server.Kestrel.Transport.Sockets.SocketConnectionListener.Bind()
   --- End of inner exception stack trace ---
   at Microsoft.AspNetCore.Server.Kestrel.Transport.Sockets.SocketConnectionListener.Bind()
   at Microsoft.AspNetCore.Server.Kestrel.Transport.Sockets.SocketTransportFactory.BindAsync(EndPoint endpoint, CancellationToken cancellationToken)
   at Microsoft.AspNetCore.Server.Kestrel.Core.Internal.Infrastructure.TransportManager.BindAsync(EndPoint endPoint, ConnectionDelegate connectionDelegate, EndpointConfig endpointConfig, CancellationToken cancellationToken)
   at Microsoft.AspNetCore.Server.Kestrel.Core.KestrelServerImpl.<>c__DisplayClass28_0`1.<<StartAsync>g__OnBind|0>d.MoveNext()
--- End of stack trace from previous location ---
   at Microsoft.AspNetCore.Server.Kestrel.Core.Internal.AddressBinder.BindEndpointAsync(ListenOptions endpoint, AddressBindContext context, CancellationToken cancellationToken)
   --- End of inner exception stack trace ---
   at Microsoft.AspNetCore.Server.Kestrel.Core.Internal.AddressBinder.BindEndpointAsync(ListenOptions endpoint, AddressBindContext context, CancellationToken cancellationToken)
   at Microsoft.AspNetCore.Server.Kestrel.Core.ListenOptions.BindAsync(AddressBindContext context, CancellationToken cancellationToken)
   at Microsoft.AspNetCore.Server.Kestrel.Core.Internal.AddressBinder.EndpointsStrategy.BindAsync(AddressBindContext context, CancellationToken cancellationToken)
   at Microsoft.AspNetCore.Server.Kestrel.Core.KestrelServerImpl.BindAsync(CancellationToken cancellationToken)
   at Microsoft.AspNetCore.Server.Kestrel.Core.KestrelServerImpl.StartAsync[TContext](IHttpApplication`1 application, CancellationToken cancellationToken)
   at Microsoft.AspNetCore.Hosting.GenericWebHostService.StartAsync(CancellationToken cancellationToken)
   at Microsoft.Extensions.Hosting.Internal.Host.<StartAsync>b__14_1(IHostedService service, CancellationToken token)
   at Microsoft.Extensions.Hosting.Internal.Host.ForeachService[T](IEnumerable`1 services, CancellationToken token, Boolean concurrent, Boolean abortOnFirstException, List`1 exceptions, Func`3 operation)
   at Microsoft.Extensions.Hosting.Internal.Host.StartAsync(CancellationToken cancellationToken)
   at DnsServerCore.DnsWebService.StartWebServiceAsync(Boolean httpOnlyMode) in Z:\Technitium\Projects\DnsServer\DnsServerCore\DnsWebService.cs:line 1986
   at DnsServerCore.DnsWebService.StartWebServiceAsync(Boolean httpOnlyMode)
   at DnsServerCore.DnsWebService.TryStartWebServiceAsync(IReadOnlyList`1 oldWebServiceLocalAddresses, Int32 oldWebServiceHttpPort, Int32 oldWebServiceTlsPort) in Z:\Technitium\Projects\DnsServer\DnsServerCore\DnsWebService.cs:line 1675
[2026-08-18 17:36:16 UTC] Attempting to revert Web Service end point changes ...
[2026-08-18 17:36:18 UTC] [[::]:5380] [HTTP] Web Service failed to bind.
[2026-08-18 17:36:18 UTC] Web Service failed to start.
System.IO.IOException: Failed to bind to address http://[::]:5380: address already in use.
 ---> Microsoft.AspNetCore.Connections.AddressInUseException: Address in use
 ---> System.Net.Sockets.SocketException (98): Address in use
   at System.Net.Sockets.Socket.UpdateStatusAfterSocketErrorAndThrowException(SocketError error, Boolean disconnectOnFailure, String callerName)
   at System.Net.Sockets.Socket.DoBind(EndPoint endPointSnapshot, SocketAddress socketAddress)
   at System.Net.Sockets.Socket.Bind(EndPoint localEP)
   at Microsoft.AspNetCore.Server.Kestrel.Transport.Sockets.SocketTransportOptions.CreateDefaultBoundListenSocket(EndPoint endpoint)
   at Microsoft.AspNetCore.Server.Kestrel.Transport.Sockets.SocketConnectionListener.Bind()
   --- End of inner exception stack trace ---
   at Microsoft.AspNetCore.Server.Kestrel.Transport.Sockets.SocketConnectionListener.Bind()
   at Microsoft.AspNetCore.Server.Kestrel.Transport.Sockets.SocketTransportFactory.BindAsync(EndPoint endpoint, CancellationToken cancellationToken)
   at Microsoft.AspNetCore.Server.Kestrel.Core.Internal.Infrastructure.TransportManager.BindAsync(EndPoint endPoint, ConnectionDelegate connectionDelegate, EndpointConfig endpointConfig, CancellationToken cancellationToken)
   at Microsoft.AspNetCore.Server.Kestrel.Core.KestrelServerImpl.<>c__DisplayClass28_0`1.<<StartAsync>g__OnBind|0>d.MoveNext()
--- End of stack trace from previous location ---
   at Microsoft.AspNetCore.Server.Kestrel.Core.Internal.AddressBinder.BindEndpointAsync(ListenOptions endpoint, AddressBindContext context, CancellationToken cancellationToken)
   --- End of inner exception stack trace ---
   at Microsoft.AspNetCore.Server.Kestrel.Core.Internal.AddressBinder.BindEndpointAsync(ListenOptions endpoint, AddressBindContext context, CancellationToken cancellationToken)
   at Microsoft.AspNetCore.Server.Kestrel.Core.ListenOptions.BindAsync(AddressBindContext context, CancellationToken cancellationToken)
   at Microsoft.AspNetCore.Server.Kestrel.Core.Internal.AddressBinder.EndpointsStrategy.BindAsync(AddressBindContext context, CancellationToken cancellationToken)
   at Microsoft.AspNetCore.Server.Kestrel.Core.KestrelServerImpl.BindAsync(CancellationToken cancellationToken)
   at Microsoft.AspNetCore.Server.Kestrel.Core.KestrelServerImpl.StartAsync[TContext](IHttpApplication`1 application, CancellationToken cancellationToken)
   at Microsoft.AspNetCore.Hosting.GenericWebHostService.StartAsync(CancellationToken cancellationToken)
   at Microsoft.Extensions.Hosting.Internal.Host.<StartAsync>b__14_1(IHostedService service, CancellationToken token)
   at Microsoft.Extensions.Hosting.Internal.Host.ForeachService[T](IEnumerable`1 services, CancellationToken token, Boolean concurrent, Boolean abortOnFirstException, List`1 exceptions, Func`3 operation)
   at Microsoft.Extensions.Hosting.Internal.Host.StartAsync(CancellationToken cancellationToken)
   at DnsServerCore.DnsWebService.StartWebServiceAsync(Boolean httpOnlyMode) in Z:\Technitium\Projects\DnsServer\DnsServerCore\DnsWebService.cs:line 1986
   at DnsServerCore.DnsWebService.StartWebServiceAsync(Boolean httpOnlyMode)
   at DnsServerCore.DnsWebService.TryStartWebServiceAsync(IReadOnlyList`1 oldWebServiceLocalAddresses, Int32 oldWebServiceHttpPort, Int32 oldWebServiceTlsPort) in Z:\Technitium\Projects\DnsServer\DnsServerCore\DnsWebService.cs:line 1691
[2026-08-18 17:36:18 UTC] Attempting to start Web Service on ANY (0.0.0.0) fallback address...
[2026-08-18 17:36:19 UTC] [0.0.0.0:5380] [HTTP] Web Service failed to bind.
[2026-08-18 17:36:19 UTC] Web Service failed to start.
System.IO.IOException: Failed to bind to address http://0.0.0.0:5380: address already in use.
 ---> Microsoft.AspNetCore.Connections.AddressInUseException: Address in use
 ---> System.Net.Sockets.SocketException (98): Address in use
   at System.Net.Sockets.Socket.UpdateStatusAfterSocketErrorAndThrowException(SocketError error, Boolean disconnectOnFailure, String callerName)
   at System.Net.Sockets.Socket.DoBind(EndPoint endPointSnapshot, SocketAddress socketAddress)
   at System.Net.Sockets.Socket.Bind(EndPoint localEP)
   at Microsoft.AspNetCore.Server.Kestrel.Transport.Sockets.SocketTransportOptions.CreateDefaultBoundListenSocket(EndPoint endpoint)
   at Microsoft.AspNetCore.Server.Kestrel.Transport.Sockets.SocketConnectionListener.Bind()
   --- End of inner exception stack trace ---
   at Microsoft.AspNetCore.Server.Kestrel.Transport.Sockets.SocketConnectionListener.Bind()
   at Microsoft.AspNetCore.Server.Kestrel.Transport.Sockets.SocketTransportFactory.BindAsync(EndPoint endpoint, CancellationToken cancellationToken)
   at Microsoft.AspNetCore.Server.Kestrel.Core.Internal.Infrastructure.TransportManager.BindAsync(EndPoint endPoint, ConnectionDelegate connectionDelegate, EndpointConfig endpointConfig, CancellationToken cancellationToken)
   at Microsoft.AspNetCore.Server.Kestrel.Core.KestrelServerImpl.<>c__DisplayClass28_0`1.<<StartAsync>g__OnBind|0>d.MoveNext()
--- End of stack trace from previous location ---
   at Microsoft.AspNetCore.Server.Kestrel.Core.Internal.AddressBinder.BindEndpointAsync(ListenOptions endpoint, AddressBindContext context, CancellationToken cancellationToken)
   --- End of inner exception stack trace ---
   at Microsoft.AspNetCore.Server.Kestrel.Core.Internal.AddressBinder.BindEndpointAsync(ListenOptions endpoint, AddressBindContext context, CancellationToken cancellationToken)
   at Microsoft.AspNetCore.Server.Kestrel.Core.ListenOptions.BindAsync(AddressBindContext context, CancellationToken cancellationToken)
   at Microsoft.AspNetCore.Server.Kestrel.Core.Internal.AddressBinder.EndpointsStrategy.BindAsync(AddressBindContext context, CancellationToken cancellationToken)
   at Microsoft.AspNetCore.Server.Kestrel.Core.KestrelServerImpl.BindAsync(CancellationToken cancellationToken)
   at Microsoft.AspNetCore.Server.Kestrel.Core.KestrelServerImpl.StartAsync[TContext](IHttpApplication`1 application, CancellationToken cancellationToken)
   at Microsoft.AspNetCore.Hosting.GenericWebHostService.StartAsync(CancellationToken cancellationToken)
   at Microsoft.Extensions.Hosting.Internal.Host.<StartAsync>b__14_1(IHostedService service, CancellationToken token)
   at Microsoft.Extensions.Hosting.Internal.Host.ForeachService[T](IEnumerable`1 services, CancellationToken token, Boolean concurrent, Boolean abortOnFirstException, List`1 exceptions, Func`3 operation)
   at Microsoft.Extensions.Hosting.Internal.Host.StartAsync(CancellationToken cancellationToken)
   at DnsServerCore.DnsWebService.StartWebServiceAsync(Boolean httpOnlyMode) in Z:\Technitium\Projects\DnsServer\DnsServerCore\DnsWebService.cs:line 1986
   at DnsServerCore.DnsWebService.StartWebServiceAsync(Boolean httpOnlyMode)
   at DnsServerCore.DnsWebService.TryStartWebServiceAsync(IReadOnlyList`1 oldWebServiceLocalAddresses, Int32 oldWebServiceHttpPort, Int32 oldWebServiceTlsPort) in Z:\Technitium\Projects\DnsServer\DnsServerCore\DnsWebService.cs:line 1711
[2026-08-18 17:36:19 UTC] Attempting to start Web Service on loopback (127.0.0.1) fallback address...
[2026-08-18 17:36:19 UTC] [127.0.0.1:5380] [HTTP] Web Service failed to bind.
[2026-08-18 17:36:20 UTC] Failed to start DNS Server (v15.4.0.0).
System.IO.IOException: Failed to bind to address http://127.0.0.1:5380: address already in use.
 ---> Microsoft.AspNetCore.Connections.AddressInUseException: Address in use
 ---> System.Net.Sockets.SocketException (98): Address in use
   at System.Net.Sockets.Socket.UpdateStatusAfterSocketErrorAndThrowException(SocketError error, Boolean disconnectOnFailure, String callerName)
   at System.Net.Sockets.Socket.DoBind(EndPoint endPointSnapshot, SocketAddress socketAddress)
   at System.Net.Sockets.Socket.Bind(EndPoint localEP)
   at Microsoft.AspNetCore.Server.Kestrel.Transport.Sockets.SocketTransportOptions.CreateDefaultBoundListenSocket(EndPoint endpoint)
   at Microsoft.AspNetCore.Server.Kestrel.Transport.Sockets.SocketConnectionListener.Bind()
   --- End of inner exception stack trace ---
   at Microsoft.AspNetCore.Server.Kestrel.Transport.Sockets.SocketConnectionListener.Bind()
   at Microsoft.AspNetCore.Server.Kestrel.Transport.Sockets.SocketTransportFactory.BindAsync(EndPoint endpoint, CancellationToken cancellationToken)
   at Microsoft.AspNetCore.Server.Kestrel.Core.Internal.Infrastructure.TransportManager.BindAsync(EndPoint endPoint, ConnectionDelegate connectionDelegate, EndpointConfig endpointConfig, CancellationToken cancellationToken)
   at Microsoft.AspNetCore.Server.Kestrel.Core.KestrelServerImpl.<>c__DisplayClass28_0`1.<<StartAsync>g__OnBind|0>d.MoveNext()
--- End of stack trace from previous location ---
   at Microsoft.AspNetCore.Server.Kestrel.Core.Internal.AddressBinder.BindEndpointAsync(ListenOptions endpoint, AddressBindContext context, CancellationToken cancellationToken)
   --- End of inner exception stack trace ---
   at Microsoft.AspNetCore.Server.Kestrel.Core.Internal.AddressBinder.BindEndpointAsync(ListenOptions endpoint, AddressBindContext context, CancellationToken cancellationToken)
   at Microsoft.AspNetCore.Server.Kestrel.Core.ListenOptions.BindAsync(AddressBindContext context, CancellationToken cancellationToken)
   at Microsoft.AspNetCore.Server.Kestrel.Core.Internal.AddressBinder.EndpointsStrategy.BindAsync(AddressBindContext context, CancellationToken cancellationToken)
   at Microsoft.AspNetCore.Server.Kestrel.Core.KestrelServerImpl.BindAsync(CancellationToken cancellationToken)
   at Microsoft.AspNetCore.Server.Kestrel.Core.KestrelServerImpl.StartAsync[TContext](IHttpApplication`1 application, CancellationToken cancellationToken)
   at Microsoft.AspNetCore.Hosting.GenericWebHostService.StartAsync(CancellationToken cancellationToken)
   at Microsoft.Extensions.Hosting.Internal.Host.<StartAsync>b__14_1(IHostedService service, CancellationToken token)
   at Microsoft.Extensions.Hosting.Internal.Host.ForeachService[T](IEnumerable`1 services, CancellationToken token, Boolean concurrent, Boolean abortOnFirstException, List`1 exceptions, Func`3 operation)
   at Microsoft.Extensions.Hosting.Internal.Host.StartAsync(CancellationToken cancellationToken)
   at DnsServerCore.DnsWebService.StartWebServiceAsync(Boolean httpOnlyMode) in Z:\Technitium\Projects\DnsServer\DnsServerCore\DnsWebService.cs:line 1986
   at DnsServerCore.DnsWebService.StartWebServiceAsync(Boolean httpOnlyMode)
   at DnsServerCore.DnsWebService.TryStartWebServiceAsync(IReadOnlyList`1 oldWebServiceLocalAddresses, Int32 oldWebServiceHttpPort, Int32 oldWebServiceTlsPort) in Z:\Technitium\Projects\DnsServer\DnsServerCore\DnsWebService.cs:line 1723
   at DnsServerCore.DnsWebService.StartAsync(Boolean throwIfBindFails) in Z:\Technitium\Projects\DnsServer\DnsServerCore\DnsWebService.cs:line 2949
[2026-08-18 17:36:21 UTC] DNS Server auth config file was saved: /etc/dns/auth.config
[2026-08-18 17:36:21 UTC] Logging stopped.
[2026-08-18 17:36:39 UTC] Logging started.
[2026-08-18 17:36:41 UTC] DNS Server auth config file was loaded: /etc/dns/auth.config
[2026-08-18 17:36:53 UTC] Web Service config file was loaded: /etc/dns/webservice.config
[2026-08-18 17:36:54 UTC] DNS Server config file was loaded: /etc/dns/dns.config
[2026-08-18 17:36:55 UTC] DNS Server allowed zone file was loaded: /etc/dns/allowed.config
[2026-08-18 17:36:55 UTC] DNS Server blocked zone file was loaded: /etc/dns/blocked.config
[2026-08-18 17:36:56 UTC] DNS Server block list config file was loaded: /etc/dns/blocklist.config
[2026-08-18 17:37:01 UTC] DNS Server auth config file was saved: /etc/dns/auth.config
[2026-08-18 17:37:09 UTC] [[::]:5380] [HTTP] Web Service failed to bind.
[2026-08-18 17:37:11 UTC] Web Service failed to start.
System.IO.IOException: Failed to bind to address http://[::]:5380: address already in use.
 ---> Microsoft.AspNetCore.Connections.AddressInUseException: Address in use
 ---> System.Net.Sockets.SocketException (98): Address in use
   at System.Net.Sockets.Socket.UpdateStatusAfterSocketErrorAndThrowException(SocketError error, Boolean disconnectOnFailure, String callerName)
   at System.Net.Sockets.Socket.DoBind(EndPoint endPointSnapshot, SocketAddress socketAddress)
   at System.Net.Sockets.Socket.Bind(EndPoint localEP)
   at Microsoft.AspNetCore.Server.Kestrel.Transport.Sockets.SocketTransportOptions.CreateDefaultBoundListenSocket(EndPoint endpoint)
   at Microsoft.AspNetCore.Server.Kestrel.Transport.Sockets.SocketConnectionListener.Bind()
   --- End of inner exception stack trace ---
   at Microsoft.AspNetCore.Server.Kestrel.Transport.Sockets.SocketConnectionListener.Bind()
   at Microsoft.AspNetCore.Server.Kestrel.Transport.Sockets.SocketTransportFactory.BindAsync(EndPoint endpoint, CancellationToken cancellationToken)
   at Microsoft.AspNetCore.Server.Kestrel.Core.Internal.Infrastructure.TransportManager.BindAsync(EndPoint endPoint, ConnectionDelegate connectionDelegate, EndpointConfig endpointConfig, CancellationToken cancellationToken)
   at Microsoft.AspNetCore.Server.Kestrel.Core.KestrelServerImpl.<>c__DisplayClass28_0`1.<<StartAsync>g__OnBind|0>d.MoveNext()
--- End of stack trace from previous location ---
   at Microsoft.AspNetCore.Server.Kestrel.Core.Internal.AddressBinder.BindEndpointAsync(ListenOptions endpoint, AddressBindContext context, CancellationToken cancellationToken)
   --- End of inner exception stack trace ---
   at Microsoft.AspNetCore.Server.Kestrel.Core.Internal.AddressBinder.BindEndpointAsync(ListenOptions endpoint, AddressBindContext context, CancellationToken cancellationToken)
   at Microsoft.AspNetCore.Server.Kestrel.Core.ListenOptions.BindAsync(AddressBindContext context, CancellationToken cancellationToken)
   at Microsoft.AspNetCore.Server.Kestrel.Core.Internal.AddressBinder.EndpointsStrategy.BindAsync(AddressBindContext context, CancellationToken cancellationToken)
   at Microsoft.AspNetCore.Server.Kestrel.Core.KestrelServerImpl.BindAsync(CancellationToken cancellationToken)
   at Microsoft.AspNetCore.Server.Kestrel.Core.KestrelServerImpl.StartAsync[TContext](IHttpApplication`1 application, CancellationToken cancellationToken)
   at Microsoft.AspNetCore.Hosting.GenericWebHostService.StartAsync(CancellationToken cancellationToken)
   at Microsoft.Extensions.Hosting.Internal.Host.<StartAsync>b__14_1(IHostedService service, CancellationToken token)
   at Microsoft.Extensions.Hosting.Internal.Host.ForeachService[T](IEnumerable`1 services, CancellationToken token, Boolean concurrent, Boolean abortOnFirstException, List`1 exceptions, Func`3 operation)
   at Microsoft.Extensions.Hosting.Internal.Host.StartAsync(CancellationToken cancellationToken)
   at DnsServerCore.DnsWebService.StartWebServiceAsync(Boolean httpOnlyMode) in Z:\Technitium\Projects\DnsServer\DnsServerCore\DnsWebService.cs:line 1986
   at DnsServerCore.DnsWebService.StartWebServiceAsync(Boolean httpOnlyMode)
   at DnsServerCore.DnsWebService.TryStartWebServiceAsync(IReadOnlyList`1 oldWebServiceLocalAddresses, Int32 oldWebServiceHttpPort, Int32 oldWebServiceTlsPort) in Z:\Technitium\Projects\DnsServer\DnsServerCore\DnsWebService.cs:line 1675
[2026-08-18 17:37:11 UTC] Attempting to revert Web Service end point changes ...
[2026-08-18 17:37:13 UTC] [[::]:5380] [HTTP] Web Service failed to bind.
[2026-08-18 17:37:13 UTC] Web Service failed to start.
System.IO.IOException: Failed to bind to address http://[::]:5380: address already in use.
 ---> Microsoft.AspNetCore.Connections.AddressInUseException: Address in use
 ---> System.Net.Sockets.SocketException (98): Address in use
   at System.Net.Sockets.Socket.UpdateStatusAfterSocketErrorAndThrowException(SocketError error, Boolean disconnectOnFailure, String callerName)
   at System.Net.Sockets.Socket.DoBind(EndPoint endPointSnapshot, SocketAddress socketAddress)
   at System.Net.Sockets.Socket.Bind(EndPoint localEP)
   at Microsoft.AspNetCore.Server.Kestrel.Transport.Sockets.SocketTransportOptions.CreateDefaultBoundListenSocket(EndPoint endpoint)
   at Microsoft.AspNetCore.Server.Kestrel.Transport.Sockets.SocketConnectionListener.Bind()
   --- End of inner exception stack trace ---
   at Microsoft.AspNetCore.Server.Kestrel.Transport.Sockets.SocketConnectionListener.Bind()
   at Microsoft.AspNetCore.Server.Kestrel.Transport.Sockets.SocketTransportFactory.BindAsync(EndPoint endpoint, CancellationToken cancellationToken)
   at Microsoft.AspNetCore.Server.Kestrel.Core.Internal.Infrastructure.TransportManager.BindAsync(EndPoint endPoint, ConnectionDelegate connectionDelegate, EndpointConfig endpointConfig, CancellationToken cancellationToken)
   at Microsoft.AspNetCore.Server.Kestrel.Core.KestrelServerImpl.<>c__DisplayClass28_0`1.<<StartAsync>g__OnBind|0>d.MoveNext()
--- End of stack trace from previous location ---
   at Microsoft.AspNetCore.Server.Kestrel.Core.Internal.AddressBinder.BindEndpointAsync(ListenOptions endpoint, AddressBindContext context, CancellationToken cancellationToken)
   --- End of inner exception stack trace ---
   at Microsoft.AspNetCore.Server.Kestrel.Core.Internal.AddressBinder.BindEndpointAsync(ListenOptions endpoint, AddressBindContext context, CancellationToken cancellationToken)
   at Microsoft.AspNetCore.Server.Kestrel.Core.ListenOptions.BindAsync(AddressBindContext context, CancellationToken cancellationToken)
   at Microsoft.AspNetCore.Server.Kestrel.Core.Internal.AddressBinder.EndpointsStrategy.BindAsync(AddressBindContext context, CancellationToken cancellationToken)
   at Microsoft.AspNetCore.Server.Kestrel.Core.KestrelServerImpl.BindAsync(CancellationToken cancellationToken)
   at Microsoft.AspNetCore.Server.Kestrel.Core.KestrelServerImpl.StartAsync[TContext](IHttpApplication`1 application, CancellationToken cancellationToken)
   at Microsoft.AspNetCore.Hosting.GenericWebHostService.StartAsync(CancellationToken cancellationToken)
   at Microsoft.Extensions.Hosting.Internal.Host.<StartAsync>b__14_1(IHostedService service, CancellationToken token)
   at Microsoft.Extensions.Hosting.Internal.Host.ForeachService[T](IEnumerable`1 services, CancellationToken token, Boolean concurrent, Boolean abortOnFirstException, List`1 exceptions, Func`3 operation)
   at Microsoft.Extensions.Hosting.Internal.Host.StartAsync(CancellationToken cancellationToken)
   at DnsServerCore.DnsWebService.StartWebServiceAsync(Boolean httpOnlyMode) in Z:\Technitium\Projects\DnsServer\DnsServerCore\DnsWebService.cs:line 1986
   at DnsServerCore.DnsWebService.StartWebServiceAsync(Boolean httpOnlyMode)
   at DnsServerCore.DnsWebService.TryStartWebServiceAsync(IReadOnlyList`1 oldWebServiceLocalAddresses, Int32 oldWebServiceHttpPort, Int32 oldWebServiceTlsPort) in Z:\Technitium\Projects\DnsServer\DnsServerCore\DnsWebService.cs:line 1691
[2026-08-18 17:37:13 UTC] Attempting to start Web Service on ANY (0.0.0.0) fallback address...
[2026-08-18 17:37:14 UTC] [0.0.0.0:5380] [HTTP] Web Service failed to bind.
[2026-08-18 17:37:14 UTC] Web Service failed to start.
System.IO.IOException: Failed to bind to address http://0.0.0.0:5380: address already in use.
 ---> Microsoft.AspNetCore.Connections.AddressInUseException: Address in use
 ---> System.Net.Sockets.SocketException (98): Address in use
   at System.Net.Sockets.Socket.UpdateStatusAfterSocketErrorAndThrowException(SocketError error, Boolean disconnectOnFailure, String callerName)
   at System.Net.Sockets.Socket.DoBind(EndPoint endPointSnapshot, SocketAddress socketAddress)
   at System.Net.Sockets.Socket.Bind(EndPoint localEP)
   at Microsoft.AspNetCore.Server.Kestrel.Transport.Sockets.SocketTransportOptions.CreateDefaultBoundListenSocket(EndPoint endpoint)
   at Microsoft.AspNetCore.Server.Kestrel.Transport.Sockets.SocketConnectionListener.Bind()
   --- End of inner exception stack trace ---
   at Microsoft.AspNetCore.Server.Kestrel.Transport.Sockets.SocketConnectionListener.Bind()
   at Microsoft.AspNetCore.Server.Kestrel.Transport.Sockets.SocketTransportFactory.BindAsync(EndPoint endpoint, CancellationToken cancellationToken)
   at Microsoft.AspNetCore.Server.Kestrel.Core.Internal.Infrastructure.TransportManager.BindAsync(EndPoint endPoint, ConnectionDelegate connectionDelegate, EndpointConfig endpointConfig, CancellationToken cancellationToken)
   at Microsoft.AspNetCore.Server.Kestrel.Core.KestrelServerImpl.<>c__DisplayClass28_0`1.<<StartAsync>g__OnBind|0>d.MoveNext()
--- End of stack trace from previous location ---
   at Microsoft.AspNetCore.Server.Kestrel.Core.Internal.AddressBinder.BindEndpointAsync(ListenOptions endpoint, AddressBindContext context, CancellationToken cancellationToken)
   --- End of inner exception stack trace ---
   at Microsoft.AspNetCore.Server.Kestrel.Core.Internal.AddressBinder.BindEndpointAsync(ListenOptions endpoint, AddressBindContext context, CancellationToken cancellationToken)
   at Microsoft.AspNetCore.Server.Kestrel.Core.ListenOptions.BindAsync(AddressBindContext context, CancellationToken cancellationToken)
   at Microsoft.AspNetCore.Server.Kestrel.Core.Internal.AddressBinder.EndpointsStrategy.BindAsync(AddressBindContext context, CancellationToken cancellationToken)
   at Microsoft.AspNetCore.Server.Kestrel.Core.KestrelServerImpl.BindAsync(CancellationToken cancellationToken)
   at Microsoft.AspNetCore.Server.Kestrel.Core.KestrelServerImpl.StartAsync[TContext](IHttpApplication`1 application, CancellationToken cancellationToken)
   at Microsoft.AspNetCore.Hosting.GenericWebHostService.StartAsync(CancellationToken cancellationToken)
   at Microsoft.Extensions.Hosting.Internal.Host.<StartAsync>b__14_1(IHostedService service, CancellationToken token)
   at Microsoft.Extensions.Hosting.Internal.Host.ForeachService[T](IEnumerable`1 services, CancellationToken token, Boolean concurrent, Boolean abortOnFirstException, List`1 exceptions, Func`3 operation)
   at Microsoft.Extensions.Hosting.Internal.Host.StartAsync(CancellationToken cancellationToken)
   at DnsServerCore.DnsWebService.StartWebServiceAsync(Boolean httpOnlyMode) in Z:\Technitium\Projects\DnsServer\DnsServerCore\DnsWebService.cs:line 1986
   at DnsServerCore.DnsWebService.StartWebServiceAsync(Boolean httpOnlyMode)
   at DnsServerCore.DnsWebService.TryStartWebServiceAsync(IReadOnlyList`1 oldWebServiceLocalAddresses, Int32 oldWebServiceHttpPort, Int32 oldWebServiceTlsPort) in Z:\Technitium\Projects\DnsServer\DnsServerCore\DnsWebService.cs:line 1711
[2026-08-18 17:37:14 UTC] Attempting to start Web Service on loopback (127.0.0.1) fallback address...
[2026-08-18 17:37:15 UTC] [127.0.0.1:5380] [HTTP] Web Service was bound successfully.
[2026-08-18 17:37:15 UTC] [0.0.0.0:53] [UDP] DNS Server was bound successfully.
[2026-08-18 17:37:15 UTC] [0.0.0.0:53] [TCP] DNS Server was bound successfully.
[2026-08-18 17:37:15 UTC] [[::]:53] [UDP] DNS Server was bound successfully.
[2026-08-18 17:37:15 UTC] [[::]:53] [TCP] DNS Server was bound successfully.
[2026-08-18 17:37:17 UTC] DHCP Server successfully loaded scope: Default
[2026-08-18 17:37:17 UTC] DNS Server (v15.4.0.0) was started successfully.
[2026-08-18 17:38:19 UTC] [127.0.0.1:53] [UDP] DNS Server was bound successfully.
[2026-08-18 17:39:33 UTC] DHCP Server successfully unloaded scope: Default
[2026-08-18 17:39:34 UTC] Saving DNS Cache to disk...
[2026-08-18 17:39:35 UTC] DNS Cache was saved to disk successfully.
[2026-08-18 17:39:35 UTC] DNS Server (v15.4.0.0) was stopped successfully.
[2026-08-18 17:39:35 UTC] DNS Server auth config file was saved: /etc/dns/auth.config
[2026-08-18 17:39:36 UTC] Logging stopped.
[2026-08-18 17:43:20 UTC] Logging started.
[2026-08-18 17:43:23 UTC] DNS Server auth config file was loaded: /etc/dns/auth.config
[2026-08-18 17:43:40 UTC] Loading DNS Cache from disk...
[2026-08-18 17:43:41 UTC] Web Service config file was loaded: /etc/dns/webservice.config
[2026-08-18 17:43:42 UTC] DNS Server config file was loaded: /etc/dns/dns.config
[2026-08-18 17:43:43 UTC] DNS Cache was loaded from disk successfully.
[2026-08-18 17:43:43 UTC] DNS Server allowed zone file was loaded: /etc/dns/allowed.config
[2026-08-18 17:43:43 UTC] DNS Server blocked zone file was loaded: /etc/dns/blocked.config
[2026-08-18 17:43:43 UTC] DNS Server block list config file was loaded: /etc/dns/blocklist.config
[2026-08-18 17:43:49 UTC] DNS Server auth config file was saved: /etc/dns/auth.config
[2026-08-18 17:43:58 UTC] [[::]:5380] [HTTP] Web Service was bound successfully.
[2026-08-18 17:43:59 UTC] [0.0.0.0:53] [UDP] DNS Server was bound successfully.
[2026-08-18 17:43:59 UTC] [0.0.0.0:53] [TCP] DNS Server was bound successfully.
[2026-08-18 17:43:59 UTC] [[::]:53] [UDP] DNS Server was bound successfully.
[2026-08-18 17:43:59 UTC] [[::]:53] [TCP] DNS Server was bound successfully.
[2026-08-18 17:44:00 UTC] DHCP Server successfully loaded scope: Default
[2026-08-18 17:44:00 UTC] DNS Server (v15.4.0.0) was started successfully.
[2026-08-18 17:48:08 UTC] DHCP Server successfully unloaded scope: Default
[2026-08-18 17:48:09 UTC] Saving DNS Cache to disk...
[2026-08-18 17:48:11 UTC] DNS Cache was saved to disk successfully.
[2026-08-18 17:48:11 UTC] DNS Server (v15.4.0.0) was stopped successfully.
[2026-08-18 17:48:11 UTC] DNS Server auth config file was saved: /etc/dns/auth.config
[2026-08-18 17:48:11 UTC] Logging stopped.
[2026-08-18 17:48:20 UTC] Logging started.
[2026-08-18 17:48:23 UTC] DNS Server auth config file was loaded: /etc/dns/auth.config
[2026-08-18 17:48:34 UTC] Loading DNS Cache from disk...
[2026-08-18 17:48:35 UTC] Web Service config file was loaded: /etc/dns/webservice.config
[2026-08-18 17:48:36 UTC] DNS Server config file was loaded: /etc/dns/dns.config
[2026-08-18 17:48:36 UTC] DNS Cache was loaded from disk successfully.
[2026-08-18 17:48:36 UTC] DNS Server allowed zone file was loaded: /etc/dns/allowed.config
[2026-08-18 17:48:36 UTC] DNS Server blocked zone file was loaded: /etc/dns/blocked.config
[2026-08-18 17:48:36 UTC] DNS Server block list config file was loaded: /etc/dns/blocklist.config
